t_offset_sec,latitude,longitude,speed_kmh,accuracy_m
0,22.5836018,88.3426092,0.0,11
30,22.5833904,88.3426465,0.0,25
60,22.5835883,88.3427159,0.0,21
90,22.5835059,88.3425622,0.0,9
120,22.5835533,88.3425793,0.0,23
150,22.583578,88.3425653,0.0,11
180,22.5834799,88.3425284,0.0,15
210,22.5836105,88.3424785,0.0,25
240,22.5834754,88.3425092,0.0,8
270,22.583521,88.3424885,0.0,8
300,22.5834663,88.342514,0.0,18
330,22.5834754,88.3424852,0.0,21
360,22.5835408,88.3425281,0.0,25
390,22.5834794,88.3425608,0.0,16
420,22.5836325,88.3425701,0.0,14
450,22.5834766,88.3426828,0.0,23
480,22.5834134,88.3426172,0.0,23
510,22.5834336,88.3425436,0.0,19
540,22.5835739,88.3425703,0.0,12
570,22.5835957,88.3426465,0.0,15
600,22.5834856,88.3426582,0.0,13
630,22.5833923,88.3426024,0.0,18
660,22.5835811,88.3426333,0.0,9
690,22.5834086,88.3427356,0.0,8
720,22.583582,88.3426943,21.52,23
750,22.5848726,88.3416883,21.52,10
780,22.5865101,88.3403803,37.28,9
810,22.589413,88.3385713,56.95,20
840,22.5930759,88.3358305,71.39,9
870,22.5977498,88.3326635,88.75,23
900,22.6031194,88.3285745,103.23,24
930,22.6092102,88.3241726,105.45,24
960,22.6154342,88.3198563,105.45,13
990,22.621639,88.3155195,105.45,8
1020,22.6278825,88.3110656,105.45,16
1050,22.6339918,88.3067691,105.45,20
1080,22.6400532,88.3023503,105.45,8
1110,22.6463046,88.2979377,105.45,10
1140,22.6524163,88.2937555,105.45,25
1170,22.658677,88.2892709,105.45,16
1200,22.6646535,88.2850763,105.45,22
1230,22.6710053,88.2805888,105.45,16
1260,22.676964,88.2761945,105.45,25
1290,22.6830985,88.2717584,105.45,11
1320,22.6894576,88.2675777,105.45,25
1350,22.6956225,88.263092,105.45,22
1380,22.7018259,88.2587144,105.45,15
1410,22.7079318,88.2544565,105.45,22
1440,22.7140735,88.2500634,105.45,8
1470,22.7201819,88.2455026,105.45,20
1500,22.7263849,88.2413435,105.45,15
1530,22.732592,88.2367994,105.45,19
1560,22.7386777,88.2323075,105.45,16
1590,22.7447676,88.2279576,105.45,18
1620,22.7508833,88.2238284,105.45,23
1650,22.7571096,88.2192459,105.45,16
1680,22.7632364,88.2150259,105.45,14
1710,22.7694838,88.210492,105.45,15
1740,22.7757467,88.2061199,105.45,14
1770,22.7818986,88.2019297,105.45,19
1800,22.7878778,88.1973423,105.45,10
1830,22.7941801,88.1931308,105.45,8
1860,22.8003661,88.188721,105.45,9
1890,22.8065508,88.184297,105.45,18
1920,22.8126171,88.1801024,105.45,16
1950,22.8187789,88.1757279,105.45,24
1980,22.8248843,88.1711308,105.45,12
2010,22.8309855,88.1669254,105.45,23
2040,22.8373863,88.162327,105.45,19
2070,22.8434014,88.158144,105.45,13
2100,22.8495806,88.1536043,105.45,24
2130,22.8557436,88.1493965,105.45,8
2160,22.8619634,88.1449317,105.45,11
2190,22.8680316,88.1406257,105.45,16
2220,22.8741565,88.1361492,105.45,16
2250,22.8803952,88.1318774,105.45,19
2280,22.8864799,88.1274479,105.45,21
2310,22.8927814,88.1230586,105.45,20
2340,22.8988301,88.1186281,105.45,12
2370,22.9051808,88.114402,105.45,11
2400,22.9112733,88.1100624,105.45,25
2430,22.9173577,88.1055643,105.45,12
2460,22.923619,88.1012948,105.45,23
2490,22.9297826,88.0967562,105.45,23
2520,22.9357639,88.0925917,105.45,24
2550,22.9420337,88.0880485,105.45,23
2580,22.9481329,88.0837464,105.45,9
2610,22.9543215,88.0794098,105.45,9
2640,22.9604344,88.0749079,105.45,11
2670,22.9666597,88.0705573,105.45,19
2700,22.9727978,88.0662483,105.45,16
2730,22.9789556,88.0618315,105.45,19
2760,22.9852587,88.0576187,105.45,14
2790,22.9913426,88.0531528,105.45,25
2820,22.9973963,88.0488168,105.45,19
2850,23.0035991,88.0443636,105.45,22
2880,23.0099134,88.0399515,105.45,17
2910,23.0159608,88.0357458,105.45,13
2940,23.0221706,88.0313634,105.45,21
2970,23.0283302,88.0268847,105.45,10
3000,23.0343436,88.0224438,105.45,18
3030,23.0405698,88.0180543,105.45,16
3060,23.0468098,88.0137106,105.45,22
3090,23.0530192,88.0094955,105.45,24
3120,23.0592311,88.0049676,105.45,13
3150,23.0653633,88.0005088,105.45,15
3180,23.0714737,87.9963734,105.45,10
3210,23.0775142,87.9918401,105.45,11
3240,23.0836368,87.987607,105.45,25
3270,23.0897962,87.9832012,105.45,24
3300,23.0961501,87.9786255,105.45,16
3330,23.1022726,87.9742517,105.45,20
3360,23.1083516,87.9699252,105.45,17
3390,23.1145498,87.9655156,105.45,24
3420,23.1208185,87.9611127,105.45,19
3450,23.1269866,87.9568255,105.45,23
3480,23.1330428,87.9526112,105.45,16
3510,23.1392269,87.9480214,105.45,25
3540,23.1452889,87.9437827,105.45,21
3570,23.1515444,87.9394208,105.45,17
3600,23.1578105,87.9350003,105.45,15
3630,23.1639446,87.9306145,105.45,19
3660,23.1700009,87.9261564,105.45,8
3690,23.176052,87.9219756,105.45,12
3720,23.1809192,87.9184849,52.72,8
3750,23.184093,87.9163045,52.72,23
3780,23.1870695,87.9141977,52.72,17
3810,23.1902307,87.9120197,52.72,25
3840,23.1932516,87.9097197,52.72,25
3870,23.1963498,87.9074851,52.72,20
3900,23.1995363,87.9052895,52.72,10
3930,23.2025079,87.9031079,52.72,16
3960,23.2055519,87.9010684,52.72,16
3990,23.2086676,87.8989137,52.72,13
4020,23.2116742,87.8965087,52.72,22
4050,23.2148849,87.8943691,52.72,23
4080,23.2178501,87.8921079,52.72,9
4110,23.2211419,87.8899216,52.72,11
4140,23.2240377,87.8877646,52.72,22
4170,23.2272387,87.8856092,52.72,12
4200,23.2301278,87.8834175,52.72,21
4230,23.2332889,87.8814011,52.72,19
4260,23.236411,87.8792117,52.72,18
4290,23.2393887,87.8770126,52.72,12
4320,23.2424633,87.8748329,52.72,10
4350,23.2456757,87.8724715,52.72,16
4380,23.2488306,87.8704741,52.72,11
4410,23.2510036,87.8671079,52.72,20
4440,23.2526526,87.8631806,52.72,9
4470,23.2542021,87.8594188,52.72,11
4500,23.2559926,87.8556437,52.72,23
4530,23.2576608,87.85179,52.72,18
4560,23.2593024,87.8478741,52.72,25
4590,23.2611038,87.8438872,52.72,17
4620,23.2627207,87.8402257,52.72,14
4650,23.2646332,87.836187,52.72,21
4680,23.2661621,87.8323194,52.72,16
4710,23.267936,87.8285388,52.72,15
4740,23.2694846,87.8245875,52.72,23
4770,23.2713714,87.8207731,52.72,10
4800,23.2729567,87.8170267,52.72,18
4830,23.2748443,87.813325,52.72,9
4860,23.2763133,87.809374,52.72,25
4890,23.2782142,87.8053743,52.72,15
4920,23.27979,87.8016536,52.72,19
4950,23.2816255,87.797771,52.72,14
4980,23.2831179,87.7939055,52.72,12
5010,23.2848835,87.7899587,52.72,22
5040,23.2866703,87.7862588,52.72,23
5070,23.2882745,87.7823068,52.72,19
5100,23.2915985,87.7749646,105.45,25
5130,23.294962,87.7672879,105.45,22
5160,23.2984059,87.7595142,105.45,19
5190,23.3018561,87.7519695,105.45,24
5220,23.3052434,87.7441011,105.45,8
5250,23.3087157,87.7364584,105.45,15
5280,23.3120426,87.7286751,105.45,25
5310,23.3155844,87.7210171,105.45,23
5340,23.3189776,87.7133115,105.45,17
5370,23.3222656,87.7057592,105.45,11
5400,23.3256121,87.6980694,105.45,9
5430,23.3292188,87.690219,105.45,9
5460,23.3324556,87.6826283,105.45,11
5490,23.3358172,87.6749791,105.45,20
5520,23.3393935,87.6672499,105.45,16
5550,23.3426369,87.6594653,105.45,10
5580,23.3460347,87.6519757,105.45,23
5610,23.3496888,87.6442545,105.45,22
5640,23.353062,87.636333,105.45,25
5670,23.356454,87.6288814,105.45,19
5700,23.3598752,87.6209421,105.45,16
5730,23.3632112,87.6134454,105.45,17
5760,23.3664971,87.6055981,105.45,24
5790,23.3699098,87.5980525,105.45,25
5820,23.3733949,87.5902012,105.45,15
5850,23.3768522,87.5827276,105.45,25
5880,23.380308,87.5748762,105.45,11
5910,23.3837201,87.5672285,105.45,22
5940,23.3871104,87.5594895,105.45,11
5970,23.3903735,87.5517219,105.45,20
6000,23.3938721,87.5441669,105.45,25
6030,23.3974126,87.5364088,105.45,19
6060,23.4007943,87.5287452,105.45,18
6090,23.4041862,87.5210096,105.45,21
6120,23.4075887,87.5132884,105.45,15
6150,23.4109253,87.5055611,105.45,25
6180,23.4144306,87.4978778,105.45,22
6210,23.4177091,87.4902247,105.45,9
6240,23.4212609,87.482588,105.45,24
6270,23.4244399,87.4749794,105.45,8
6300,23.4278919,87.4670879,105.45,18
6330,23.4312243,87.4595691,105.45,16
6360,23.4348737,87.4517827,105.45,12
6390,23.4380589,87.4440727,105.45,12
6420,23.4414783,87.4363502,105.45,15
6450,23.4449112,87.4287855,105.45,10
6480,23.4484097,87.4210193,105.45,14
6510,23.4518613,87.4133696,105.45,23
6540,23.4551175,87.4057045,105.45,11
6570,23.4586388,87.397855,105.45,20
6600,23.4619071,87.3900881,105.45,18
6630,23.4653872,87.3826166,105.45,21
6660,23.4689516,87.3747169,105.45,15
6690,23.4723099,87.3672359,105.45,8
6720,23.4756867,87.359477,105.45,9
6750,23.4790055,87.3516082,105.45,25
6780,23.4824831,87.3439971,105.45,15
6810,23.4857797,87.3364039,105.45,20
6840,23.4894076,87.328732,105.45,24
6870,23.4925776,87.3209426,105.45,20
6900,23.4964322,87.3135385,105.45,23
6930,23.5006554,87.3062779,105.45,20
6960,23.5046812,87.2992043,105.45,21
6990,23.5089281,87.2919493,105.45,12
7020,23.5129582,87.2847929,105.45,20
7050,23.5171135,87.2776161,105.45,24
7080,23.5211132,87.2704033,105.45,21
7110,23.525243,87.2634776,105.45,10
7140,23.5292953,87.2561513,105.45,19
7170,23.5334679,87.2489478,105.45,8
7200,23.5376905,87.241727,105.45,19
7230,23.5417582,87.2347921,105.45,22
7260,23.5458692,87.2274542,105.45,15
7290,23.5498641,87.2202584,105.45,10
7320,23.5539497,87.2129883,105.45,12
7350,23.5582626,87.2060371,105.45,8
7380,23.5622301,87.1988562,105.45,17
7410,23.5663679,87.1914502,105.45,14
7440,23.5705552,87.1843296,105.45,25
7470,23.5746058,87.1771671,105.45,23
7500,23.5787418,87.1702066,105.45,8
7530,23.5827844,87.163005,105.45,24
7560,23.5868037,87.1556124,105.45,17
7590,23.5909552,87.1485909,105.45,16
7620,23.5950245,87.1414024,105.45,8
7650,23.5991372,87.1342278,105.45,19
7680,23.6034613,87.1268629,105.45,20
7710,23.6073997,87.1197931,105.45,11
7740,23.6116901,87.1126474,105.45,25
7770,23.6155793,87.1053871,105.45,22
7800,23.6198158,87.0983619,105.45,9
7830,23.6238404,87.0911318,105.45,18
7860,23.6280148,87.0840188,105.45,8
7890,23.6320853,87.0767271,105.45,17
7920,23.6361646,87.0697352,105.45,24
7950,23.6402844,87.0622894,105.45,16
7980,23.6445559,87.0553568,105.45,8
8010,23.6486826,87.0481979,105.45,15
8040,23.6525782,87.0410064,105.45,12
8070,23.65667,87.0336786,105.45,15
8100,23.6608679,87.0265585,105.45,21
8130,23.6651261,87.0194813,105.45,18
8160,23.6690946,87.0120762,105.45,12
8190,23.6732392,87.0050625,105.45,14
8220,23.6774041,86.997811,103.23,24
8250,23.6810883,86.9914344,88.75,12
8280,23.6840772,86.986135,71.39,13
8310,23.6864482,86.9818325,56.95,11
8340,23.6882651,86.9786797,37.28,12
8370,23.6896224,86.976543,21.52,21
8400,23.6905243,86.9749421,0.0,16
8430,23.6903062,86.9749082,0.0,12
8460,23.690315,86.9750772,0.0,16
8490,23.6904285,86.9750331,0.0,15
8520,23.6903275,86.9748605,15.67,10
8550,23.6906746,86.9737866,15.67,24
8580,23.690955,86.9725027,27.13,19
8610,23.6911644,86.970389,27.13,23
8640,23.6916615,86.9675859,41.45,9
8670,23.6923586,86.9644514,47.0,16
8700,23.6932421,86.9602577,56.48,14
8730,23.6940455,86.9556035,64.59,22
8760,23.6950475,86.9504878,71.79,18
8790,23.6961235,86.9448064,76.74,21
8820,23.697096,86.9386467,76.74,20
8850,23.6982779,86.9328396,76.74,25
8880,23.6993224,86.9270706,76.74,9
8910,23.7004181,86.9210349,76.74,9
8940,23.7016113,86.9150636,76.74,25
8970,23.7025783,86.9092968,76.74,25
9000,23.703673,86.9033949,76.74,9
9030,23.7047168,86.8973882,76.74,17
9060,23.7059711,86.8914322,76.74,13
9090,23.7069734,86.8856178,76.74,9
9120,23.7081424,86.8797925,76.74,22
9150,23.7092771,86.8737487,76.74,24
9180,23.7101809,86.8679341,76.74,25
9210,23.7112838,86.8619159,76.74,22
9240,23.712351,86.8560169,76.74,14
9270,23.7136791,86.8499991,76.74,18
9300,23.7147246,86.8443288,76.74,13
9330,23.7158288,86.8381873,76.74,11
9360,23.7169225,86.8324268,76.74,10
9390,23.7179703,86.8264424,76.74,24
9420,23.719091,86.8204657,76.74,25
9450,23.7201256,86.814734,76.74,18
9480,23.7212724,86.8087912,76.74,12
9510,23.7222606,86.8027288,76.74,9
9540,23.723427,86.7968665,76.74,22
9570,23.7244887,86.7909178,76.74,12
9600,23.7257667,86.7849549,76.74,16
9630,23.7266081,86.7791896,76.74,23
9660,23.7278482,86.773134,76.74,23
9690,23.7288628,86.7673948,76.74,23
9720,23.7300179,86.7614408,76.74,8
9750,23.7310586,86.755561,76.74,25
9780,23.7323106,86.7495502,76.74,13
9810,23.7332265,86.7437706,76.74,9
9840,23.7343227,86.7376771,76.74,17
9870,23.7354697,86.7317826,76.74,11
9900,23.7365898,86.7258984,76.74,17
9930,23.7377391,86.7201387,76.74,25
9960,23.7387191,86.7141584,76.74,19
9990,23.7400193,86.708141,76.74,17
10020,23.7409523,86.702467,76.74,10
10050,23.7421666,86.6965403,76.74,10
10080,23.7431381,86.6904208,76.74,16
10110,23.7442449,86.6845922,76.74,14
10140,23.7454406,86.6787398,76.74,11
10170,23.746504,86.6729372,76.74,24
10200,23.747713,86.6668805,76.74,17
10230,23.7486591,86.6610769,76.74,16
10260,23.7497825,86.6552094,76.74,19
10290,23.7509877,86.6491866,76.74,23
10320,23.7519749,86.6432809,76.74,23
10350,23.7531495,86.6374443,76.74,15
10380,23.7542197,86.6315616,76.74,8
10410,23.7551576,86.6254994,76.74,11
10440,23.7564214,86.6195128,76.74,21
10470,23.7574312,86.6136392,76.74,25
10500,23.7586338,86.6076927,76.74,14
10530,23.7596995,86.6017943,76.74,10
10560,23.7606935,86.5959578,76.74,18
10590,23.7619142,86.5899313,76.74,18
10620,23.7628964,86.5842003,76.74,8
10650,23.7641256,86.5781333,76.74,18
10680,23.7652469,86.5723065,76.74,23
10710,23.7663102,86.5664447,76.74,23
10740,23.7672341,86.5604795,76.74,25
10770,23.7685307,86.5545692,76.74,21
10800,23.7696362,86.5485388,76.74,24
10830,23.7705638,86.5428249,76.74,18
10860,23.7717297,86.5367062,76.74,18
10890,23.7728925,86.5310514,76.74,19
10920,23.7737919,86.5249231,76.74,8
10950,23.7749624,86.5190788,76.74,25
10980,23.776195,86.5132257,76.74,20
11010,23.7771154,86.5071811,76.74,17
11040,23.7783519,86.5013286,76.74,9
11070,23.779332,86.4953507,76.74,15
11100,23.7804559,86.4896586,76.74,17
11130,23.781511,86.4835926,76.74,11
11160,23.7826505,86.4776038,76.74,14
11190,23.7838928,86.4718127,76.74,8
11220,23.784959,86.4660377,76.74,12
11250,23.7858918,86.4601324,76.74,24
11280,23.7870003,86.4541584,71.79,11
11310,23.7881108,86.4490979,64.59,12
11340,23.7887997,86.4442242,56.48,20
11370,23.7896743,86.4403932,47.0,8
11400,23.7901899,86.4368896,41.45,10
11430,23.7907055,86.4343925,27.13,11
11460,23.7911438,86.4322349,27.13,17
11490,23.7912474,86.4309827,15.67,14
11520,23.7915517,86.4296094,0.0,16
11550,23.7916087,86.4297803,0.0,11
11580,23.7915387,86.4295991,0.0,11
11610,23.7914694,86.4297362,0.0,24
11640,23.7914928,86.4297125,0.0,25
11670,23.7915511,86.4295944,0.0,17
11700,23.79162,86.4296032,0.0,17
11730,23.7916305,86.4296525,0.0,22
11760,23.7914789,86.4295613,0.0,9
11790,23.7914938,86.4295686,0.0,21
11820,23.7915709,86.4297603,20.47,22
11850,23.7925682,86.4284869,20.47,14
11880,23.7938979,86.4269813,35.46,25
11910,23.7956879,86.4246321,54.17,22
11940,23.7984578,86.4211275,61.42,22
11970,23.8016203,86.4171263,79.3,22
12000,23.8056346,86.4124772,93.83,12
12030,23.8102271,86.4068342,100.3,19
12060,23.8146905,86.4011862,100.3,18
12090,23.8193873,86.3955677,100.3,22
12120,23.8238959,86.3896546,100.3,11
12150,23.8284491,86.3840988,100.3,13
12180,23.8330203,86.3783932,100.3,12
12210,23.8376709,86.3727377,100.3,11
12240,23.8422117,86.3671371,100.3,17
12270,23.8468572,86.3613915,100.3,21
12300,23.8513678,86.3556728,100.3,13
12330,23.8561558,86.3500417,100.3,18
12360,23.8605393,86.3444607,100.3,21
12390,23.8652844,86.3387121,100.3,18
12420,23.8698096,86.332981,100.3,10
12450,23.8744519,86.3274488,100.3,23
12480,23.8788733,86.3217423,100.3,18
12510,23.8835819,86.3161365,100.3,13
12540,23.8881052,86.3103414,100.3,11
12570,23.8927967,86.3047252,100.3,20
12600,23.89729,86.2990671,100.3,9
12630,23.901816,86.2934455,100.3,8
12660,23.9065855,86.2877271,100.3,22
12690,23.9111145,86.2819748,100.3,22
12720,23.9156138,86.2763884,100.3,18
12750,23.9202317,86.2707493,100.3,17
12780,23.9249883,86.2651188,100.3,19
12810,23.9295975,86.2593421,100.3,24
12840,23.9340294,86.2535355,100.3,17
12870,23.9385271,86.2480912,100.3,9
12900,23.9431003,86.2423182,100.3,19
12930,23.9477195,86.2365639,100.3,8
12960,23.9523431,86.2310154,100.3,20
12990,23.9570381,86.2253458,100.3,20
13020,23.9615622,86.2196243,100.3,13
13050,23.9661772,86.2138466,100.3,20
13080,23.9708663,86.208225,100.3,21
13110,23.9752705,86.2027405,100.3,12
13140,23.9798549,86.1967951,100.3,8
13170,23.9844474,86.1913626,100.3,21
13200,23.9892611,86.1854692,100.3,12
13230,23.9937613,86.1798795,100.3,22
13260,23.9984189,86.1742895,100.3,21
13290,24.0029358,86.168546,100.3,21
13320,24.0075065,86.1628724,100.3,19
13350,24.0120084,86.1571925,100.3,8
13380,24.0166931,86.1516447,100.3,15
13410,24.0213191,86.1458019,100.3,25
13440,24.0258723,86.1400599,100.3,9
13470,24.03046,86.1345856,100.3,11
13500,24.0350531,86.128989,100.3,10
13530,24.0395248,86.1232486,100.3,16
13560,24.0442016,86.1173835,100.3,10
13590,24.0487323,86.1118742,100.3,10
13620,24.0534403,86.1061748,100.3,17
13650,24.058011,86.10061,100.3,25
13680,24.0626455,86.0948093,100.3,24
13710,24.0672697,86.0891679,100.3,18
13740,24.0717288,86.0836096,100.3,17
13770,24.0762831,86.0776641,100.3,17
13800,24.0809909,86.0721477,100.3,9
13830,24.0855544,86.0664796,100.3,9
13860,24.0901515,86.0607227,100.3,8
13890,24.0946418,86.0549885,100.3,24
13920,24.099175,86.0495231,100.3,16
13950,24.1037798,86.0437023,100.3,16
13980,24.1083378,86.0379799,100.3,13
14010,24.1131691,86.0324928,100.3,22
14040,24.1176133,86.026654,100.3,15
14070,24.1222341,86.0211658,100.3,9
14100,24.1267857,86.0152823,100.3,12
14130,24.1314436,86.0098276,100.3,23
14160,24.1360758,86.0040345,100.3,20
14190,24.1405269,85.9983702,100.3,13
14220,24.1451094,85.9927847,100.3,19
14250,24.1496571,85.9869735,100.3,11
14280,24.1542464,85.9813601,100.3,23
14310,24.1589033,85.975771,100.3,25
14340,24.1634749,85.9700801,100.3,20
14370,24.1681296,85.9642487,100.3,21
14400,24.1725948,85.9588074,100.3,22
14430,24.1772843,85.9529543,100.3,24
14460,24.1819552,85.9472008,100.3,25
14490,24.1865328,85.9417988,100.3,21
14520,24.1911154,85.9360365,100.3,16
14550,24.195631,85.9302504,100.3,11
14580,24.2001993,85.9246717,100.3,22
14610,24.2049287,85.919048,100.3,14
14640,24.2094503,85.9133546,100.3,13
14670,24.2139844,85.907485,100.3,8
14700,24.218714,85.9018131,100.3,11
14730,24.2232212,85.8963397,100.3,19
14760,24.2277286,85.8905485,100.3,14
14790,24.2322685,85.8849754,100.3,9
14820,24.2371021,85.879314,100.3,14
14850,24.2416951,85.8736362,100.3,11
14880,24.2460521,85.8679539,100.3,20
14910,24.2507956,85.8623688,100.3,13
14940,24.25545,85.856636,100.3,16
14970,24.2598777,85.8509532,100.3,10
15000,24.3145603,85.8453584,100.3,16
15030,24.3191853,85.8396178,100.3,18
15060,24.3236372,85.8339716,100.3,16
15090,24.2783671,85.8281816,100.3,18
15120,24.2830159,85.8224724,100.3,16
15150,24.2873852,85.8167442,100.3,14
15180,24.2920916,85.811104,100.3,23
15210,24.2965462,85.8055387,100.3,21
15240,24.3011656,85.7998967,100.3,22
15270,24.3058894,85.7940646,100.3,10
15300,24.3103054,85.7885768,100.3,22
15330,24.3148813,85.7828365,100.3,8
15360,24.3197175,85.7772134,100.3,16
15390,24.3240968,85.771442,100.3,20
15420,24.3288006,85.7658245,100.3,23
15450,24.3333644,85.7601192,100.3,10
15480,24.337971,85.7543283,100.3,23
15510,24.3424479,85.7488133,100.3,19
15540,24.3470949,85.7430721,100.3,9
15570,24.3517653,85.7375938,100.3,10
15600,24.3562832,85.7318902,100.3,18
15630,24.3607962,85.7261013,100.3,17
15660,24.365539,85.7203452,100.3,9
15690,24.370215,85.714816,100.3,17
15720,24.3747316,85.7092134,100.3,19
15750,24.379265,85.7035377,100.3,22
15780,24.3839219,85.6976448,100.3,14
15810,24.3883204,85.6922258,100.3,15
15840,24.3930352,85.6862772,100.3,25
15870,24.3976666,85.6807341,100.3,22
15900,24.4023435,85.6749187,100.3,18
15930,24.406688,85.6694746,100.3,9
15960,24.411372,85.6636317,100.3,24
15990,24.415976,85.6580973,100.3,25
16020,24.4204825,85.6523957,100.3,10
16050,24.4250421,85.6465938,100.3,8
16080,24.429749,85.6411512,100.3,9
16110,24.4342772,85.6353991,100.3,8
16140,24.4388481,85.6295495,100.3,17
16170,24.4436127,85.6238911,100.3,13
16200,24.4482064,85.6182088,100.3,11
16230,24.4526019,85.6126936,100.3,15
16260,24.457178,85.6069051,100.3,18
16290,24.4619695,85.6014635,100.3,20
16320,24.466428,85.5957892,100.3,25
16350,24.4669023,85.5950996,0.0,14
16380,24.4670712,85.5950276,0.0,18
16410,24.4668823,85.5949331,0.0,21
16440,24.4669105,85.5949615,0.0,13
16470,24.4669835,85.595126,0.0,9
16500,24.4669012,85.5950862,0.0,20
16530,24.4670748,85.5948566,0.0,23
16560,24.466887,85.5948541,0.0,10
16590,24.4670557,85.5950278,0.0,17
16620,24.4669774,85.595091,0.0,23
16650,24.4670518,85.594913,0.0,16
16680,24.4670062,85.594974,0.0,13
16710,24.4670298,85.5948631,0.0,13
16740,24.4670585,85.5950332,0.0,10
16770,24.47032,85.5892808,100.3,19
16800,24.4739736,85.5826625,100.3,14
16830,24.4776021,85.5761027,100.3,11
16860,24.481447,85.5696494,100.3,25
16890,24.4851267,85.5629797,100.3,14
16920,24.4887742,85.5563479,100.3,12
16950,24.4925941,85.5500257,100.3,23
16980,24.4962532,85.5432344,100.3,9
17010,24.4998434,85.5367433,100.3,14
17040,24.5036558,85.5301827,100.3,22
17070,24.50726,85.5237513,100.3,25
17100,24.5110055,85.5172129,100.3,23
17130,24.5148066,85.5104495,100.3,15
17160,24.518572,85.5040524,100.3,18
17190,24.5222003,85.4975464,100.3,18
17220,24.5258591,85.490806,100.3,15
17250,24.5295332,85.4844402,100.3,14
17280,24.5333177,85.4777353,100.3,23
17310,24.5370839,85.4711344,100.3,21
17340,24.5406751,85.4648414,100.3,22
17370,24.5443937,85.4581255,100.3,22
17400,24.5482495,85.4516504,100.3,16
17430,24.5518197,85.4449491,100.3,9
17460,24.5555506,85.4383926,100.3,22
17490,24.5593083,85.4318587,100.3,18
17520,24.5629537,85.4253437,100.3,13
17550,24.566817,85.4188936,100.3,13
17580,24.5704697,85.4123166,100.3,15
17610,24.574047,85.4058551,100.3,23
17640,24.5779658,85.3991136,100.3,23
17670,24.5816687,85.3925804,100.3,21
17700,24.5853513,85.3860191,100.3,18
17730,24.5889796,85.3794602,100.3,12
17760,24.5928186,85.3731088,100.3,21
17790,24.5965462,85.3663027,100.3,23
17820,24.6001895,85.3598886,100.3,21
17850,24.6038447,85.3533295,100.3,11
17880,24.6075332,85.346707,100.3,25
17910,24.611324,85.3402895,100.3,21
17940,24.6150868,85.3335716,100.3,17
17970,24.618605,85.3272767,100.3,8
18000,24.6223796,85.3205192,100.3,22
18030,24.6261912,85.3140987,100.3,8
18060,24.6299329,85.3074629,100.3,12
18090,24.6336151,85.3008939,100.3,19
18120,24.6372581,85.2944307,100.3,8
18150,24.6410308,85.2876912,100.3,18
18180,24.6446518,85.2812065,100.3,16
18210,24.6484066,85.2747485,100.3,14
18240,24.6521405,85.2680392,100.3,18
18270,24.6558362,85.2614797,100.3,19
18300,24.659587,85.2549446,100.3,19
18330,24.6631828,85.2483721,100.3,19
18360,24.6668144,85.241974,100.3,10
18390,24.670628,85.235486,100.3,12
18420,24.6744511,85.2287756,100.3,11
18450,24.6780713,85.2223718,100.3,14
18480,24.6818091,85.2158271,100.3,18
18510,24.6854109,85.209129,100.3,21
18540,24.6891003,85.2025168,100.3,19
18570,24.6928572,85.196095,100.3,11
18600,24.6965718,85.1895524,100.3,25
18630,24.7003972,85.1829769,100.3,19
18660,24.7040801,85.1765716,100.3,10
18690,24.707625,85.1700017,100.3,10
18720,24.7113056,85.1634541,100.3,17
18750,24.715252,85.1566588,100.3,13
18780,24.7187778,85.1502911,100.3,23
18810,24.7224538,85.1435932,100.3,8
18840,24.726202,85.1372685,100.3,25
18870,24.7300838,85.1305698,100.3,21
18900,24.7336621,85.1240687,100.3,17
18930,24.7373031,85.1173323,100.3,15
18960,24.7411869,85.1109282,100.3,18
18990,24.7447826,85.104324,100.3,18
19020,24.7485124,85.0978682,100.3,24
19050,24.752318,85.091251,100.3,17
19080,24.7559537,85.0848337,100.3,17
19110,24.7595569,85.0780926,100.3,23
19140,24.7633206,85.0715493,100.3,9
19170,24.7669701,85.0649964,100.3,13
19200,24.7708065,85.058408,100.3,25
19230,24.7744264,85.0520975,100.3,12
19260,24.7781028,85.0452916,100.3,18
19290,24.7819239,85.038836,100.3,19
19320,24.7855285,85.0323204,100.3,9
19350,24.7893679,85.0258921,100.3,12
19380,24.7929159,85.0193567,93.83,13
19410,24.7961224,85.013646,79.3,8
19440,24.7987463,85.0090628,61.42,12
19470,24.8010248,85.0054243,54.17,12
19500,24.8023555,85.0025691,35.46,24
19530,24.8034973,85.0006984,20.47,23
19560,24.8044067,84.9994394,0.0,12
19590,24.8043807,84.9993679,0.0,22
19620,24.8042565,84.9991849,0.0,23
19650,24.8044078,84.999193,0.0,25
19680,24.8041968,84.9991589,0.0,15
19710,24.8042854,84.999179,0.0,9
19740,24.8043291,84.9992095,17.24,24
19770,24.8044373,84.9980112,17.24,16
19800,24.8046826,84.9960708,29.85,22
19830,24.805207,84.9936921,38.54,24
19860,24.8056466,84.9901057,45.6,24
19890,24.8064333,84.9859598,57.17,19
19920,24.8070467,84.9808195,66.76,21
19950,24.8079202,84.9748281,75.13,17
19980,24.8089148,84.9681159,84.44,22
20010,24.8100968,84.9611031,84.44,22
20040,24.8111003,84.9542532,84.44,22
20070,24.8120176,84.9474218,84.44,21
20100,24.8131755,84.9403582,84.44,10
20130,24.8140572,84.933378,84.44,24
20160,24.8153236,84.9263603,84.44,20
20190,24.8161209,84.9195149,84.44,16
20220,24.8172481,84.9126111,84.44,12
20250,24.8182294,84.9057459,84.44,17
20280,24.8193643,84.898564,84.44,17
20310,24.8204792,84.8916944,84.44,25
20340,24.821493,84.8847236,84.44,8
20370,24.8223745,84.8777987,84.44,23
20400,24.8234057,84.87096,84.44,17
20430,24.824524,84.8639611,84.44,15
20460,24.8254586,84.8570948,84.44,23
20490,24.8267582,84.8499402,84.44,19
20520,24.8276861,84.8431411,84.44,16
20550,24.8287381,84.8361672,84.44,11
20580,24.8297087,84.8292962,84.44,8
20610,24.8308753,84.8221796,84.44,9
20640,24.8317262,84.8153208,84.44,12
20670,24.8328224,84.8082523,84.44,19
20700,24.8338785,84.8015602,84.44,19
20730,24.8348179,84.7944287,84.44,10
20760,24.8359825,84.7876224,84.44,13
20790,24.8370894,84.7806253,84.44,13
20820,24.8380692,84.7737592,84.44,17
20850,24.8390351,84.7667601,84.44,19
20880,24.8400271,84.7597778,84.44,12
20910,24.8410441,84.7528122,84.44,19
20940,24.8422898,84.7458333,84.44,13
20970,24.8431469,84.7388096,84.44,15
21000,24.8443827,84.7320525,84.44,25
21030,24.8453632,84.725116,84.44,24
21060,24.8464652,84.7181334,84.44,11
21090,24.847389,84.7112466,84.44,11
21120,24.8485365,84.7043015,84.44,23
21150,24.849449,84.6972852,84.44,12
21180,24.8506146,84.6903969,84.44,24
21210,24.8516395,84.6832869,84.44,17
21240,24.8524808,84.67648,84.44,15
21270,24.8535471,84.6694969,84.44,15
21300,24.8546346,84.6624058,84.44,10
21330,24.8557055,84.6556228,84.44,11
21360,24.8566513,84.6486789,84.44,21
21390,24.8576811,84.6415336,84.44,24
21420,24.8588688,84.6346936,84.44,16
21450,24.8597599,84.6276966,84.44,8
21480,24.8609909,84.620892,84.44,14
21510,24.8619853,84.6137718,84.44,19
21540,24.8628741,84.6068083,84.44,16
21570,24.8641612,84.5999211,84.44,13
21600,24.8651753,84.5931024,84.44,15
21630,24.8661202,84.5859435,84.44,8
21660,24.867166,84.5791885,84.44,17
21690,24.8681091,84.5722526,84.44,8
21720,24.8693645,84.5651106,84.44,14
21750,24.8703895,84.5583869,84.44,23
21780,24.8712795,84.5513618,84.44,22
21810,24.8724016,84.5442713,84.44,19
21840,24.8735238,84.5374181,84.44,24
21870,24.87436,84.5303783,84.44,18
21900,24.8753713,84.5234303,84.44,12
21930,24.8765109,84.5165575,84.44,17
21960,24.8775668,84.509515,84.44,18
21990,24.878589,84.5026699,84.44,22
22020,24.8796571,84.495701,84.44,22
22050,24.8805954,84.488782,84.44,21
22080,24.8816248,84.4817344,84.44,23
22110,24.8828663,84.4748756,84.44,8
22140,24.8839217,84.4679652,84.44,11
22170,24.8847987,84.4610271,84.44,10
22200,24.8857633,84.4540419,84.44,11
22230,24.8869703,84.4472424,84.44,13
22260,24.8878272,84.4403197,84.44,18
22290,24.8889031,84.4333334,84.44,20
22320,24.8899215,84.4263844,84.44,23
22350,24.8910028,84.4194001,84.44,16
22380,24.8921709,84.4124788,84.44,20
22410,24.8931023,84.4054916,84.44,20
22440,24.8943118,84.3984982,84.44,12
22470,24.895292,84.391431,84.44,16
22500,24.8962562,84.3845202,84.44,12
22530,24.8971716,84.3777235,84.44,10
22560,24.8983372,84.370565,84.44,13
22590,24.8993454,84.3638115,84.44,12
22620,24.9003631,84.3568476,84.44,10
22650,24.901499,84.3498696,84.44,23
22680,24.9025738,84.3428279,84.44,23
22710,24.9035316,84.3358983,84.44,18
22740,24.904657,84.3290339,84.44,8
22770,24.9057348,84.3219354,84.44,21
22800,24.9067546,84.3150141,84.44,22
22830,24.9076415,84.3081432,84.44,22
22860,24.9086058,84.3011366,84.44,17
22890,24.9098738,84.2941856,84.44,21
22920,24.9107109,84.2874022,84.44,23
22950,24.9119199,84.2804112,84.44,23
22980,24.9129312,84.2734986,84.44,23
23010,24.9139209,84.2666015,84.44,24
23040,24.914847,84.2594786,84.44,20
23070,24.9160375,84.2525578,84.44,17
23100,24.916997,84.2455141,84.44,9
23130,24.9179845,84.2386673,84.44,8
23160,24.9191954,84.2317969,84.44,20
23190,24.9200548,84.2247664,84.44,19
23220,24.9211789,84.2177333,84.44,15
23250,24.9221739,84.2109618,84.44,10
23280,24.9233918,84.2038414,84.44,17
23310,24.9242166,84.1969251,84.44,25
23340,24.925313,84.1900643,84.44,21
23370,24.9264175,84.1832479,84.44,16
23400,24.9273092,84.1761723,84.44,8
23430,24.9286087,84.1691977,84.44,20
23460,24.9294693,84.1621672,84.44,23
23490,24.9304486,84.1553915,84.44,18
23520,24.9315949,84.1484847,84.44,18
23550,24.9325452,84.1413853,84.44,21
23580,24.9335058,84.1351277,30.0,10
23610,24.9340471,84.1326298,30.0,17
23640,24.9342613,84.1300907,30.0,20
23670,24.934776,84.1277197,30.0,10
23700,24.9351218,84.1252377,30.0,18
23730,24.9353713,84.1227659,30.0,24
23760,24.935795,84.1201917,30.0,10
23790,24.9362117,84.1177508,30.0,17
23820,24.936522,84.1153533,30.0,14
23850,24.9368863,84.1127993,30.0,24
23880,24.937266,84.1104832,30.0,13
23910,24.9377505,84.1079747,30.0,24
23940,24.9381149,84.1054913,30.0,14
23970,24.9384297,84.1030965,30.0,22
24000,24.9386931,84.1005729,30.0,21
24030,24.939242,84.098131,30.0,9
24060,24.9395001,84.0955551,30.0,12
24090,24.9397934,84.0932004,30.0,17
24120,24.9403254,84.0906323,30.0,10
24150,24.940638,84.0882935,30.0,16
24180,24.9410584,84.0857659,30.0,16
24210,24.9413907,84.0831758,30.0,15
24240,24.9416055,84.0806944,30.0,15
24270,24.9421589,84.0782614,30.0,23
24300,24.9424643,84.0758305,30.0,9
24330,24.9427371,84.0733136,30.0,8
24360,24.9431215,84.0710032,30.0,25
24390,24.9434686,84.0685495,30.0,23
24420,24.9440012,84.0658443,30.0,10
24450,24.9442442,84.0634482,30.0,10
24480,24.9447716,84.0610123,30.0,19
24510,24.9450791,84.0586863,30.0,20
24540,24.9455216,84.0561701,30.0,12
24570,24.9457002,84.0536563,30.0,24
24600,24.9462573,84.0511735,30.0,24
24630,24.946443,84.048813,30.0,15
24660,24.946906,84.0463116,30.0,18
24690,24.9472024,84.0437873,30.0,20
24720,24.9477001,84.0413665,30.0,21
24750,24.9479109,84.0387088,30.0,14
24780,24.9484828,84.0363395,30.0,16
24810,24.9488232,84.0337572,30.0,25
24840,24.9490609,84.0315543,30.0,18
24870,24.9494762,84.0289452,30.0,15
24900,24.949958,84.0265972,30.0,12
24930,24.9501655,84.0240803,30.0,17
24960,24.9504426,84.0216867,30.0,9
24990,24.9510329,84.0191279,30.0,9
25020,24.9513615,84.0166973,30.0,15
25050,24.9516128,84.0141089,30.0,19
25080,24.9522133,84.0117693,30.0,25
25110,24.9529985,84.0096506,30.0,20
25140,24.9535619,84.0075114,30.0,16
25170,24.9544357,84.0053342,30.0,15
25200,24.9552297,84.0031415,30.0,13
25230,24.9561913,84.0009038,30.0,21
25260,24.9569521,83.9986277,30.0,10
25290,24.9577561,83.9966559,30.0,23
25320,24.9585278,83.9944818,30.0,18
25350,24.9593174,83.9922971,30.0,11
25380,24.9601411,83.9900742,30.0,24
25410,24.9607318,83.9878218,30.0,25
25440,24.9617076,83.9856615,30.0,8
25470,24.962509,83.9835475,30.0,13
25500,24.9632684,83.9814221,30.0,12
25530,24.9638943,83.9790765,30.0,17
25560,24.9647729,83.9768716,30.0,13
25590,24.9655506,83.9748894,30.0,12
25620,24.9665064,83.9727112,30.0,18
25650,24.9671948,83.9705971,30.0,12
25680,24.9679382,83.9683719,30.0,18
25710,24.9688784,83.9660567,30.0,21
25740,24.9695569,83.9639447,30.0,20
25770,24.9705073,83.9619207,30.0,15
25800,24.9710532,83.9594948,30.0,25
25830,24.9720169,83.9575043,30.0,10
25860,24.9728999,83.9552071,30.0,13
25890,24.9734457,83.9531619,30.0,16
25920,24.9742674,83.9510931,30.0,13
25950,24.9752774,83.9486733,30.0,24
25980,24.9759343,83.946742,30.0,22
26010,24.9768349,83.9444455,30.0,15
26040,24.9775991,83.9421853,30.0,16
26070,24.9782793,83.9401057,30.0,12
26100,24.9791129,83.9378503,30.0,14
26130,24.9800597,83.9357031,30.0,14
26160,24.9806992,83.9335705,30.0,12
26190,24.9813891,83.9315694,30.0,15
26220,24.9823427,83.929379,30.0,19
26250,24.9831282,83.9271318,30.0,10
26280,24.9837688,83.9248091,30.0,18
26310,24.9848236,83.9227178,30.0,14
26340,24.9855481,83.9206403,30.0,16
26370,24.9861704,83.9184254,30.0,9
26400,24.9870354,83.9161597,30.0,19
26430,24.9880092,83.9141992,30.0,9
26460,24.9885369,83.9119001,30.0,20
26490,24.9894119,83.9096975,30.0,19
26520,24.9901609,83.9076755,30.0,9
26550,24.9910766,83.9053177,30.0,24
26580,24.9920379,83.9026527,84.44,22
26610,24.994178,83.8965387,84.44,24
26640,24.9964965,83.8904142,84.44,18
26670,24.9986291,83.8842672,84.44,16
26700,25.0010561,83.8783971,84.44,17
26730,25.0033353,83.8720924,84.44,16
26760,25.0054687,83.8660361,84.44,13
26790,25.0076518,83.8600948,84.44,12
26820,25.0099539,83.8539659,84.44,22
26850,25.0120559,83.8476281,84.44,15
26880,25.0143282,83.8416162,84.44,13
26910,25.0167065,83.8354986,84.44,23
26940,25.0187647,83.8293673,84.44,25
26970,25.0211218,83.8233003,84.44,12
27000,25.0232618,83.817074,84.44,17
27030,25.0255145,83.8109887,84.44,24
27060,25.0279249,83.8049986,84.44,14
27090,25.0300978,83.7990125,84.44,24
27120,25.0323846,83.7926697,84.44,10
27150,25.0344817,83.7866566,84.44,11
27180,25.0368919,83.7804086,84.44,11
27210,25.0389963,83.7744689,84.44,11
27240,25.0413531,83.7682315,84.44,10
27270,25.0434889,83.7622887,84.44,23
27300,25.0457246,83.7562548,84.44,8
27330,25.0479284,83.7498762,84.44,22
27360,25.0501646,83.7439732,84.44,12
27390,25.0523714,83.7376625,84.44,17
27420,25.0546389,83.731557,84.44,10
27450,25.0569367,83.7256121,84.44,10
27480,25.0591341,83.7193783,84.44,20
27510,25.061288,83.7134714,84.44,13
27540,25.0636061,83.70723,84.44,12
27570,25.0657712,83.7011487,84.44,21
27600,25.0681744,83.6951694,84.44,12
27630,25.0703103,83.6888162,84.44,19
27660,25.072589,83.6828257,84.44,20
27690,25.0748167,83.67674,84.44,21
27720,25.07695,83.6705907,84.44,19
27750,25.0793285,83.6644866,84.44,21
27780,25.0814255,83.6584026,84.44,22
27810,25.0838201,83.652335,84.44,12
27840,25.086126,83.6461917,84.44,24
27870,25.0881352,83.6400665,84.44,10
27900,25.0905945,83.6339618,84.44,12
27930,25.0928526,83.6279157,84.44,17
27960,25.0950515,83.6217602,84.44,17
27990,25.0972153,83.615661,84.44,9
28020,25.0994379,83.6095414,84.44,21
28050,25.1015624,83.6034786,84.44,16
28080,25.1038701,83.5973486,84.44,24
28110,25.106016,83.5912872,84.44,22
28140,25.1082974,83.5850135,84.44,20
28170,25.1104986,83.5789756,84.44,17
28200,25.1128084,83.5729597,84.44,22
28230,25.1151293,83.5667155,84.44,13
28260,25.1172555,83.5605523,84.44,16
28290,25.1196709,83.5544532,84.44,25
28320,25.1216782,83.5484315,84.44,8
28350,25.123957,83.5423484,84.44,20
28380,25.1263822,83.5363863,84.44,23
28410,25.1284671,83.5302334,84.44,19
28440,25.130809,83.5241705,84.44,20
28470,25.1330771,83.5178023,84.44,12
28500,25.1351014,83.511702,84.44,8
28530,25.1375226,83.5056171,84.44,8
28560,25.1396288,83.4996467,84.44,15
28590,25.1419273,83.4935324,84.44,25
28620,25.1440986,83.487328,84.44,22
28650,25.1463245,83.4812565,84.44,11
28680,25.1485667,83.4750687,84.44,22
28710,25.1510191,83.4690562,84.44,22
28740,25.1531544,83.4628682,84.44,20
28770,25.1552478,83.4567031,84.44,21
28800,25.1577355,83.4508458,84.44,25
28830,25.1599781,83.4444966,84.44,20
28860,25.1620773,83.438554,84.44,23
28890,25.1642462,83.4322886,84.44,8
28920,25.1665348,83.426257,84.44,10
28950,25.1687306,83.4202484,84.44,23
28980,25.1709273,83.4141333,84.44,19
29010,25.173254,83.4079702,84.44,13
29040,25.1754482,83.40179,84.44,19
29070,25.177726,83.3957764,84.44,18
29100,25.1800937,83.3897718,84.44,22
29130,25.1821181,83.3834975,84.44,20
29160,25.1845788,83.3775507,84.44,19
29190,25.186772,83.3714332,84.44,13
29220,25.1889625,83.3651716,84.44,10
29250,25.191212,83.3590184,84.44,14
29280,25.1933118,83.3530189,84.44,21
29310,25.1957612,83.3469119,84.44,15
29340,25.1978009,83.3406713,84.44,8
29370,25.2000785,83.3346274,84.44,13
29400,25.2022663,83.3286981,84.44,24
29430,25.2044652,83.3223536,84.44,21
29460,25.2067247,83.3162946,84.44,25
29490,25.2089917,83.3101963,84.44,18
29520,25.2113803,83.3042411,84.44,25
29550,25.2134782,83.2979494,84.44,24
29580,25.2158064,83.2918279,84.44,9
29610,25.2181306,83.2858197,84.44,22
29640,25.2203777,83.2798069,84.44,11
29670,25.2225663,83.2736558,84.44,11
29700,25.224815,83.2673792,84.44,11
29730,25.2268754,83.2612943,84.44,14
29760,25.2293133,83.2551983,84.44,17
29790,25.231496,83.249271,84.44,23
29820,25.23374,83.242966,84.44,19
29850,25.2358701,83.23687,84.44,14
29880,25.2381357,83.2308452,84.44,8
29910,25.2403208,83.2248549,84.44,18
29940,25.2425694,83.2185573,84.44,16
29970,25.2448299,83.2126236,84.44,19
30000,25.2471365,83.2063643,84.44,24
30030,25.2493179,83.2002516,84.44,21
30060,25.2515531,83.194198,84.44,22
30090,25.2539356,83.1881223,84.44,19
30120,25.2561708,83.1819928,84.44,8
30150,25.2583472,83.1759076,84.44,10
30180,25.260414,83.1697397,84.44,13
30210,25.2627456,83.1636555,84.44,9
30240,25.2650439,83.1576219,84.44,9
30270,25.2673668,83.1516153,84.44,24
30300,25.2696029,83.1453406,84.44,25
30330,25.2717316,83.1395467,75.13,18
30360,25.273638,83.1341564,66.76,16
30390,25.2752726,83.1298672,57.17,12
30420,25.2765939,83.1260644,45.6,14
30450,25.2777547,83.1230866,38.54,22
30480,25.2785531,83.1208457,29.85,20
30510,25.2791175,83.1193602,17.24,10
30540,25.2793752,83.1179507,0.0,12
30570,25.2795055,83.1180122,0.0,14
30600,25.2793903,83.1180154,0.0,24
30630,25.2794571,83.1180404,0.0,8
30660,25.2793728,83.1180884,0.0,16
30690,25.2794303,83.1180817,0.0,21
30720,25.2796312,83.1178839,0.0,9
30750,25.2795921,83.1179284,0.0,24
30780,25.2794608,83.1178652,0.0,11
30810,25.2794862,83.1180216,0.0,8
30840,25.2794874,83.1181439,0.0,25
30870,25.2795928,83.1179207,0.0,17
30900,25.2794419,83.1180849,0.0,12
30930,25.2795578,83.1180059,0.0,15
30960,25.2793936,83.1180049,0.0,14
30990,25.279587,83.1179587,0.0,11
31020,25.2794047,83.1179779,0.0,21
31050,25.2793873,83.1178695,0.0,12
31080,25.2794936,83.117984,0.0,19
31110,25.2795477,83.117971,0.0,25
31140,25.2795051,83.1179686,19.74,16
31170,25.2791689,83.1166072,19.74,22
31200,25.2787189,83.1147625,34.19,21
31230,25.278035,83.1116046,44.14,12
31260,25.2769749,83.1077733,59.22,24
31290,25.2758819,83.1028303,71.17,14
31320,25.274338,83.0969949,86.04,13
31350,25.2728133,83.0903838,96.71,11
31380,25.2709877,83.0833728,96.71,11
31410,25.2691919,83.0763146,96.71,24
31440,25.2674003,83.0693163,96.71,19
31470,25.2657074,83.0623277,96.71,12
31500,25.2639307,83.0553359,96.71,9
31530,25.2624116,83.0482285,96.71,17
31560,25.2604839,83.0413589,96.71,23
31590,25.2586931,83.0342553,96.71,10
31620,25.2571938,83.0271939,96.71,17
31650,25.2553784,83.020315,96.71,20
31680,25.2536207,83.0132386,96.71,12
31710,25.2519647,83.0061517,96.71,22
31740,25.2502313,82.9991774,96.71,12
31770,25.2485263,82.9920528,96.71,21
31800,25.2466639,82.9852015,96.71,18
31830,25.244972,82.978196,96.71,22
31860,25.2432912,82.9710803,96.71,13
31890,25.2415502,82.9640356,96.71,17
31920,25.2397775,82.9568793,96.71,25
31950,25.237916,82.9501043,96.71,25
31980,25.2363152,82.9428128,96.71,24
32010,25.2344775,82.9359161,96.71,8
32040,25.2327256,82.9290306,96.71,13
32070,25.2312193,82.9218109,96.71,14
32100,25.2292927,82.9149165,96.71,22
32130,25.2275161,82.9078425,96.71,18
32160,25.2258683,82.9006743,96.71,8
32190,25.2241184,82.893692,96.71,8
32220,25.2225251,82.88671,96.71,16
32250,25.2205847,82.8798847,96.71,25
32280,25.2188722,82.872613,96.71,16
32310,25.2173006,82.8655934,96.71,21
32340,25.2155432,82.8585423,96.71,18
32370,25.2136759,82.8517145,96.71,17
32400,25.2119988,82.8445747,96.71,21
32430,25.2104011,82.8375335,96.71,11
32460,25.2084411,82.8305053,96.71,15
32490,25.2068267,82.8236353,96.71,20
32520,25.2052164,82.8164687,96.71,18
32550,25.2033525,82.8094871,96.71,23
32580,25.2015018,82.8025318,96.71,8
32610,25.1998332,82.7956074,96.71,11
32640,25.1980938,82.788463,96.71,12
32670,25.1963762,82.7813962,96.71,10
32700,25.1947889,82.7744014,96.71,12
32730,25.1929281,82.7675231,96.71,15
32760,25.1912391,82.7603332,96.71,25
32790,25.1894827,82.7531846,96.71,22
32820,25.1878867,82.7463464,96.71,13
32850,25.1858945,82.7394169,96.71,23
32880,25.1842348,82.7321909,96.71,20
32910,25.1826971,82.7253444,96.71,14
32940,25.1808522,82.7182228,96.71,9
32970,25.1790047,82.7112071,96.71,10
33000,25.177309,82.7041431,96.71,11
33030,25.1757185,82.6972186,96.71,16
33060,25.1739981,82.6900428,96.71,24
33090,25.1722861,82.6830521,96.71,18
33120,25.170466,82.6762263,96.71,22
33150,25.1686351,82.6691091,96.71,18
33180,25.1669203,82.6620261,96.71,18
33210,25.1650992,82.6550725,96.71,8
33240,25.1635257,82.6478451,96.71,8
33270,25.1618096,82.6409441,96.71,23
33300,25.1601005,82.6339587,96.71,10
33330,25.1583069,82.6270415,96.71,22
33360,25.1566096,82.6198581,96.71,20
33390,25.1549182,82.6128369,96.71,13
33420,25.153188,82.6059494,96.71,8
33450,25.1512622,82.5987952,96.71,14
33480,25.1496151,82.5917282,96.71,8
33510,25.1479664,82.5848422,96.71,19
33540,25.1460804,82.5778599,96.71,17
33570,25.1445133,82.57066,96.71,23
33600,25.1461637,82.5638603,96.71,23
33630,25.1488572,82.5574068,96.71,14
33660,25.1513258,82.5508364,96.71,20
33690,25.1540642,82.5439729,96.71,24
33720,25.1568779,82.5374016,96.71,13
33750,25.1594729,82.5306225,96.71,10
33780,25.1622,82.5242092,96.71,15
33810,25.1651136,82.5174953,96.71,16
33840,25.1676383,82.5108271,96.71,25
33870,25.1704627,82.5041749,96.71,22
33900,25.1730081,82.4974464,96.71,9
33930,25.1759481,82.4907624,96.71,21
33960,25.1785023,82.4842157,96.71,22
33990,25.1812724,82.4775142,96.71,9
34020,25.1840875,82.470774,96.71,16
34050,25.1868073,82.4642127,96.71,18
34080,25.1892716,82.4574591,96.71,10
34110,25.1922179,82.4509886,96.71,15
34140,25.1949548,82.4442213,96.71,10
34170,25.1976487,82.4375007,96.71,18
34200,25.2001958,82.4309755,96.71,11
34230,25.20283,82.4242647,96.71,8
34260,25.2056927,82.4176695,96.71,18
34290,25.2084699,82.4109036,96.71,23
34320,25.2110181,82.4042785,96.71,9
34350,25.2138858,82.3976787,96.71,15
34380,25.2166291,82.391102,96.71,22
34410,25.2192912,82.3844042,96.71,11
34440,25.2218188,82.3775829,96.71,9
34470,25.2246079,82.371177,96.71,10
34500,25.2274275,82.3642773,96.71,22
34530,25.2299418,82.3577878,96.71,21
34560,25.2326553,82.3511547,96.71,25
34590,25.235362,82.344553,96.71,20
34620,25.2380843,82.3378708,96.71,15
34650,25.2410019,82.3312284,96.71,8
34680,25.2436015,82.324479,96.71,21
34710,25.2464269,82.3178722,96.71,18
34740,25.2490757,82.311236,96.71,8
34770,25.2517331,82.3044795,96.71,14
34800,25.2543503,82.2977323,96.71,10
34830,25.2571914,82.2913262,96.71,12
34860,25.2599138,82.284499,96.71,21
34890,25.2625823,82.2779546,96.71,13
34920,25.2652285,82.2713541,96.71,9
34950,25.2679078,82.2646377,96.71,24
34980,25.2708425,82.2580353,96.71,17
35010,25.2734516,82.2513188,96.71,12
35040,25.2760445,82.2445965,96.71,18
35070,25.2787937,82.2381406,96.71,24
35100,25.2815838,82.2314006,96.71,9
35130,25.2842001,82.2247896,96.71,25
35160,25.287078,82.2180182,96.71,14
35190,25.2898202,82.2114303,96.71,14
35220,25.2924792,82.2046882,96.71,23
35250,25.2951652,82.198226,96.71,18
35280,25.297918,82.1914491,96.71,18
35310,25.3005649,82.1847521,96.71,13
35340,25.3031376,82.1782355,96.71,9
35370,25.3059535,82.1715955,96.71,15
35400,25.3087171,82.1648073,96.71,14
35430,25.3113051,82.1582342,96.71,18
35460,25.3141687,82.1514743,96.71,20
35490,25.3167113,82.1450043,96.71,19
35520,25.3193747,82.1381629,96.71,25
35550,25.3221136,82.1314898,96.71,14
35580,25.3249631,82.1250223,96.71,19
35610,25.3275153,82.118106,96.71,14
35640,25.3302905,82.1115094,96.71,16
35670,25.3331181,82.1048924,96.71,25
35700,25.3357011,82.0981965,96.71,13
35730,25.3385724,82.0917566,96.71,8
35760,25.3412798,82.084873,96.71,11
35790,25.3438574,82.0782417,96.71,22
35820,25.3465413,82.0717674,96.71,13
35850,25.3494407,82.0651644,96.71,21
35880,25.3521342,82.0582395,96.71,12
35910,25.3548459,82.051606,96.71,14
35940,25.3573701,82.0450267,96.71,19
35970,25.3601146,82.038389,96.71,15
36000,25.3629876,82.0318355,96.71,14
36030,25.3656801,82.0250426,96.71,12
36060,25.3682486,82.0183177,96.71,16
36090,25.3711059,82.0119028,96.71,23
36120,25.3736376,82.0050201,96.71,23
36150,25.3765048,81.9985262,96.71,13
36180,25.3791391,81.9919139,96.71,24
36210,25.3818134,81.9851915,96.71,13
36240,25.3845097,81.9784953,96.71,23
36270,25.3873263,81.9718783,96.71,16
36300,25.3900005,81.9652681,96.71,9
36330,25.3926102,81.9586916,96.71,22
36360,25.3954974,81.9518898,96.71,17
36390,25.3980898,81.9452311,96.71,13
36420,25.4009378,81.9385772,96.71,25
36450,25.403419,81.9320369,96.71,17
36480,25.4062264,81.9252645,96.71,9
36510,25.4089425,81.9186919,96.71,21
36540,25.4116491,81.9119826,96.71,19
36570,25.4144548,81.9052951,96.71,20
36600,25.4169551,81.8986793,96.71,16
36630,25.4198328,81.8920016,96.71,10
36660,25.4224487,81.8853912,96.71,25
36690,25.4252533,81.878823,96.71,15
36720,25.4278168,81.8719567,96.71,9
36750,25.4306479,81.865382,96.71,18
36780,25.4332785,81.8588518,96.71,16
36810,25.435973,81.8521566,96.71,12
36840,25.438781,81.8458428,86.04,25
36870,25.4410002,81.8401166,71.17,17
36900,25.442699,81.8356306,59.22,20
36930,25.4443927,81.8320544,44.14,8
36960,25.4453914,81.8291973,34.19,12
36990,25.4462452,81.8272767,19.74,14
37020,25.4466931,81.8260047,0.0,25
37050,25.4467694,81.8260664,0.0,22
37080,25.4466571,81.8258764,0.0,14
37110,25.4466808,81.8261319,0.0,21
37140,25.4466217,81.8259851,19.65,25
37170,25.4472498,81.8244744,19.65,12
37200,25.4482349,81.8227441,34.04,23
37230,25.4497443,81.8198942,43.94,18
37260,25.4514308,81.8159071,58.95,20
37290,25.4538521,81.8112144,70.85,17
37320,25.4564635,81.8052952,85.65,9
37350,25.4597804,81.7987185,96.27,18
37380,25.4629988,81.7919653,96.27,20
37410,25.4664237,81.7848419,96.27,20
37440,25.4694905,81.7779505,96.27,23
37470,25.4728165,81.7710594,96.27,22
37500,25.4762732,81.7640345,96.27,13
37530,25.479443,81.7571628,96.27,9
37560,25.4829514,81.750232,96.27,8
37590,25.4860928,81.7431269,96.27,20
37620,25.4894328,81.7362299,96.27,24
37650,25.492689,81.7292316,96.27,24
37680,25.495987,81.7223662,96.27,21
37710,25.4994032,81.7156183,96.27,12
37740,25.5027562,81.7085199,96.27,10
37770,25.5060303,81.701701,96.27,14
37800,25.5092743,81.6945468,96.27,21
37830,25.5127736,81.6877381,96.27,13
37860,25.5160297,81.6808743,96.27,14
37890,25.5193162,81.6738525,96.27,16
37920,25.522549,81.6669982,96.27,22
37950,25.5258257,81.6598756,96.27,15
37980,25.529264,81.6530824,96.27,23
38010,25.5325601,81.6460368,96.27,10
38040,25.5358275,81.6391821,96.27,22
38070,25.5391572,81.6322248,96.27,17
38100,25.542483,81.6252733,96.27,13
38130,25.5458033,81.6181351,96.27,21
38160,25.5491287,81.6114078,96.27,13
38190,25.5525073,81.6042184,96.27,9
38220,25.5556975,81.5975041,96.27,16
38250,25.5591846,81.5904589,96.27,10
38280,25.5624487,81.5835683,96.27,14
38310,25.5658193,81.5765295,96.27,25
38340,25.5689209,81.569571,96.27,11
38370,25.572338,81.5627479,96.27,21
38400,25.5756374,81.5556447,96.27,24
38430,25.5788418,81.5486314,96.27,22
38460,25.5822463,81.5419005,96.27,14
38490,25.5855643,81.534735,96.27,11
38520,25.5889623,81.5278267,96.27,22
38550,25.5922157,81.5208605,96.27,25
38580,25.5955759,81.5141076,96.27,22
38610,25.5987505,81.5071937,96.27,13
38640,25.6020725,81.5000081,96.27,11
38670,25.6053881,81.493094,96.27,20
38700,25.6086996,81.4863117,96.27,8
38730,25.6121506,81.4792112,96.27,19
38760,25.6153298,81.472433,96.27,25
38790,25.6186539,81.4654819,96.27,24
38820,25.6220823,81.458542,96.27,11
38850,25.6253286,81.4514742,96.27,9
38880,25.6286984,81.4444508,96.27,20
38910,25.6320577,81.437768,96.27,19
38940,25.6354097,81.4306044,96.27,8
38970,25.6385923,81.4238945,96.27,18
39000,25.6420136,81.4168562,96.27,10
39030,25.6451657,81.4099709,96.27,13
39060,25.6486153,81.4027745,96.27,24
39090,25.651763,81.3959133,96.27,25
39120,25.6552167,81.3890565,96.27,25
39150,25.6584681,81.3820518,96.27,15
39180,25.6617331,81.3750847,96.27,13
39210,25.6649933,81.3682278,96.27,8
39240,25.668408,81.3612237,96.27,10
39270,25.6717943,81.3542239,96.27,19
39300,25.6749426,81.3474596,96.27,21
39330,25.6783259,81.3404281,96.27,11
39360,25.6817504,81.3335399,96.27,13
39390,25.6849402,81.3263858,96.27,18
39420,25.6884506,81.3196198,96.27,12
39450,25.6915894,81.3126558,96.27,18
39480,25.6950773,81.3057193,96.27,10
39510,25.6982179,81.2987562,96.27,22
39540,25.7015444,81.29182,96.27,15
39570,25.7048909,81.2848933,96.27,8
39600,25.7081317,81.2779211,96.27,11
39630,25.7114661,81.2710117,96.27,15
39660,25.7148637,81.263863,96.27,19
39690,25.7181449,81.2569597,96.27,20
39720,25.7213795,81.2499648,96.27,22
39750,25.7248374,81.243106,96.27,16
39780,25.7280376,81.2362973,96.27,9
39810,25.7314062,81.2294085,96.27,17
40320,25.7878032,81.1111058,96.27,18
40350,25.7910071,81.1041531,96.27,9
40380,25.7944729,81.0973447,96.27,15
40410,25.7977584,81.0904083,96.27,15
40440,25.8010201,81.0833682,96.27,18
40470,25.8042196,81.0764967,96.27,10
40500,25.8077183,81.0693834,96.27,14
40530,25.8108118,81.0627136,96.27,14
40560,25.8141454,81.0555228,96.27,25
40590,25.8176494,81.0488039,96.27,15
40620,25.820876,81.0417068,96.27,22
40650,25.824137,81.0348494,96.27,15
40680,25.8274812,81.0278689,96.27,17
40710,25.8307576,81.0208759,96.27,14
40740,25.8340678,81.0140298,96.27,10
40770,25.8375647,81.0069578,96.27,20
40800,25.8406674,81.0000365,96.27,24
40830,25.8441003,80.9930883,96.27,12
40860,25.8474707,80.9862503,96.27,8
40890,25.850769,80.9791948,96.27,10
40920,25.854082,80.972397,96.27,25
40950,25.8572325,80.9653928,96.27,16
40980,25.8606077,80.958321,96.27,17
41010,25.8639201,80.9514651,96.27,10
41040,25.8672226,80.9445519,96.27,14
41070,25.8704884,80.9374488,96.27,8
41100,25.8739927,80.9306649,96.27,19
41130,25.8772068,80.9237776,96.27,20
41160,25.8806497,80.9166663,96.27,23
41190,25.8837849,80.9099045,96.27,10
41220,25.887126,80.9026746,96.27,11
41250,25.8904334,80.8958866,96.27,14
41280,25.8938491,80.889058,96.27,19
41310,25.8970946,80.8819719,96.27,19
41340,25.9004588,80.8750747,96.27,21
41370,25.9037832,80.8680065,96.27,9
41400,25.9071471,80.8610963,96.27,8
41430,25.9104006,80.8542356,96.27,16
41460,25.9136896,80.8473794,96.27,12
41490,25.9169088,80.840331,96.27,13
41520,25.9201574,80.8334358,96.27,20
41550,25.9235751,80.8264346,96.27,10
41580,25.9269215,80.8193698,96.27,21
41610,25.9302894,80.8126435,96.27,17
41640,25.935839,80.807862,96.27,20
41670,25.9413213,80.8031088,96.27,10
41700,25.9466522,80.798247,96.27,19
41730,25.9523015,80.7933427,96.27,14
41760,25.957792,80.7885679,96.27,17
41790,25.9630025,80.7836857,96.27,23
41820,25.9684605,80.7788428,96.27,21
41850,25.9740609,80.7742047,96.27,21
41880,25.9794247,80.7693074,96.27,12
41910,25.9848914,80.7644363,96.27,11
41940,25.9904188,80.7598125,96.27,13
41970,25.9958109,80.7549798,96.27,14
42000,26.001286,80.7502121,96.27,21
42030,26.0067942,80.7454019,96.27,11
42060,26.0123688,80.7403646,96.27,17
42090,26.0176172,80.7355388,96.27,10
42120,26.0231456,80.7308636,96.27,23
42150,26.0286435,80.7261027,96.27,8
42180,26.0339885,80.7212867,96.27,8
42210,26.0396107,80.7164845,96.27,9
42240,26.0449168,80.7115911,96.27,8
42270,26.0504513,80.706777,96.27,16
42300,26.0560606,80.7019496,96.27,18
42330,26.0614316,80.6970952,96.27,18
42360,26.0669974,80.6924259,96.27,19
42390,26.0723667,80.687481,96.27,9
42420,26.0779096,80.682816,96.27,11
42450,26.0831069,80.6780019,96.27,20
42480,26.0887609,80.6731938,96.27,12
42510,26.0940317,80.6681508,96.27,24
42540,26.0995594,80.6635104,96.27,15
42570,26.1050427,80.6586727,96.27,23
42600,26.1105415,80.6538719,96.27,8
42630,26.1161279,80.6491477,96.27,18
42660,26.1213259,80.6441551,96.27,9
42690,26.1270421,80.6394544,96.27,22
42720,26.132303,80.6345656,96.27,10
42750,26.1377933,80.6298887,96.27,23
42780,26.1434247,80.6250507,96.27,11
42810,26.148816,80.6200682,96.27,14
42840,26.1542693,80.6154278,96.27,24
42870,26.1595453,80.6105027,96.27,10
42900,26.1650773,80.6057419,96.27,25
42930,26.1707215,80.6008666,96.27,22
42960,26.1761722,80.5960579,96.27,25
42990,26.181439,80.5911632,96.27,10
43020,26.1868619,80.5865846,96.27,8
43050,26.192336,80.5817519,96.27,20
43080,26.1979586,80.5767257,96.27,16
43110,26.2033909,80.5721319,96.27,11
43140,26.2088501,80.5673099,96.27,23
43170,26.2141545,80.5624271,96.27,15
43200,26.2198406,80.5576362,96.27,10
43230,26.2252223,80.5527058,96.27,20
43260,26.2306843,80.548015,96.27,21
43290,26.2361853,80.5430329,96.27,11
43320,26.2415052,80.5381859,96.27,18
43350,26.2470857,80.5336206,96.27,11
43380,26.2524998,80.5285639,96.27,18
43410,26.2580619,80.5238856,96.27,8
43440,26.2633479,80.5190762,96.27,14
43470,26.2689518,80.5143799,96.27,18
43500,26.2743906,80.5095117,96.27,12
43530,26.2797822,80.5046395,96.27,15
43560,26.2851302,80.499648,96.27,22
43590,26.2906459,80.4950772,96.27,17
43620,26.2962458,80.4901687,96.27,22
43650,26.3015192,80.4852903,96.27,9
43680,26.3071002,80.4804846,96.27,11
43710,26.3124718,80.4758332,96.27,23
43740,26.3180275,80.4708298,96.27,17
43770,26.3235066,80.4660648,96.27,18
43800,26.3288173,80.4613537,96.27,15
43830,26.3344242,80.4563406,96.27,13
43860,26.3399257,80.4517301,96.27,17
43890,26.3454194,80.4468962,96.27,13
43920,26.3508806,80.4420494,96.27,18
43950,26.3561867,80.4372136,96.27,19
43980,26.3617363,80.4323754,96.27,24
44010,26.3671873,80.4275294,96.27,14
44040,26.3726398,80.4227959,96.27,11
44070,26.3779454,80.4180439,96.27,9
44100,26.3835985,80.4132177,96.27,22
44130,26.3890052,80.4083645,96.27,22
44160,26.3944757,80.403465,96.27,12
44190,26.399804,80.3988061,96.27,14
44220,26.405405,80.3937534,96.27,11
44250,26.410849,80.3892347,96.27,12
44280,26.416227,80.3844196,96.27,13
44310,26.4218344,80.3793394,96.27,23
44340,26.4270926,80.3745129,96.27,24
44370,26.4326787,80.3698623,96.27,12
44400,26.4378723,80.3652207,85.65,9
44430,26.4422313,80.3612546,70.85,17
44460,26.4461351,80.3581158,58.95,20
44490,26.4491968,80.3554482,43.94,10
44520,26.45146,80.3534153,34.04,20
44550,26.452825,80.3520286,19.65,19
44580,26.4538684,80.3508846,0.0,11
44610,26.4539971,80.3510508,0.0,24
44640,26.4539259,80.3510261,0.0,23
44670,26.453939,80.3510739,0.0,13
44700,26.4539687,80.3511505,0.0,21
44730,26.4539457,80.3508872,0.0,18
44760,26.4538824,80.3511231,0.0,25
44790,26.4539151,80.3510942,0.0,8
44820,26.4539714,80.3510956,0.0,24
44850,26.4539969,80.3510057,0.0,25
44880,26.4540576,80.3510873,18.0,11
44910,26.4544206,80.3494681,18.0,11
44940,26.4547045,80.3477895,31.18,13
44970,26.4553334,80.3449725,40.26,18
45000,26.4562432,80.3412775,47.63,14
45030,26.4574915,80.3367337,59.71,16
45060,26.458858,80.3313366,74.23,11
45090,26.4602912,80.3251797,82.51,25
45120,26.4619026,80.3183902,88.2,8
45150,26.4636489,80.3110367,88.2,24
45180,26.4655515,80.3040378,88.2,25
45210,26.4671533,80.29705,88.2,18
45240,26.4689,80.2900998,88.2,19
45270,26.4706482,80.2828835,88.2,11
45300,26.4723891,80.27567,88.2,9
45330,26.4739869,80.2686735,88.2,14
45360,26.47592,80.2616913,88.2,14
45390,26.4775471,80.2545202,88.2,21
45420,26.4791334,80.2474402,88.2,20
45450,26.4810142,80.2403394,88.2,22
45480,26.4825872,80.2332935,88.2,21
45510,26.4845438,80.2261868,88.2,14
45540,26.4860352,80.219291,88.2,14
45570,26.4879344,80.2121669,88.2,24
45600,26.4896306,80.2050503,88.2,12
45630,26.4912785,80.1980879,88.2,20
45660,26.492926,80.1909592,88.2,10
45690,26.4947175,80.1838642,88.2,25
45720,26.49648,80.1767301,88.2,10
45750,26.4981939,80.1696581,88.2,16
45780,26.4998612,80.1627247,88.2,16
45810,26.5015501,80.1555247,88.2,15
45840,26.5033752,80.1483695,88.2,11
45870,26.5050463,80.141484,88.2,17
45900,26.5068833,80.1344343,88.2,11
45930,26.5085929,80.1273291,88.2,17
45960,26.5103246,80.1202278,88.2,9
45990,26.5119477,80.1132567,88.2,20
46020,26.5136761,80.1061411,88.2,25
46050,26.5155018,80.0990907,88.2,20
46080,26.5172073,80.0917903,88.2,8
46110,26.5189896,80.0848934,88.2,12
46140,26.5205687,80.0777763,88.2,16
46170,26.5222702,80.0707506,88.2,19
46200,26.5241723,80.0635339,88.2,21
46230,26.5258978,80.0564407,88.2,19
46260,26.5276482,80.0494636,88.2,16
46290,26.5294155,80.0423959,88.2,15
46320,26.5309667,80.0354242,88.2,17
46350,26.5327197,80.0281868,88.2,10
46380,26.5345069,80.0210424,88.2,15
46410,26.5363162,80.0139958,88.2,9
46440,26.53781,80.0069589,88.2,23
46470,26.5397308,79.9998028,88.2,21
46500,26.5414211,79.9930072,88.2,12
46530,26.5430936,79.9858082,88.2,25
46560,26.5448781,79.9787019,88.2,14
46590,26.5466612,79.9717312,88.2,21
46620,26.5483308,79.9646591,88.2,15
46650,26.5501351,79.9575592,88.2,24
46680,26.5517772,79.9502995,88.2,22
46710,26.5535786,79.9434167,88.2,24
46740,26.5552879,79.9361929,88.2,19
46770,26.5569962,79.9292217,88.2,9
46800,26.5586096,79.9221079,88.2,19
46830,26.5604827,79.9150223,88.2,15
46860,26.5621712,79.9081035,88.2,11
46890,26.563751,79.9009195,88.2,16
46920,26.5654559,79.8939231,88.2,20
46950,26.5671828,79.8867193,88.2,24
46980,26.5690724,79.8795649,88.2,22
47010,26.5708161,79.8727366,88.2,9
47040,26.5723972,79.8655932,88.2,18
47070,26.5741074,79.8583667,88.2,19
47100,26.5759926,79.8513173,88.2,19
47130,26.5774808,79.8443177,88.2,14
47160,26.579227,79.8372696,88.2,12
47190,26.5810405,79.8303166,88.2,8
47220,26.5826975,79.823166,88.2,15
47250,26.5845081,79.8160077,88.2,19
47280,26.5862224,79.8088765,88.2,16
47310,26.5878619,79.8018806,88.2,22
47340,26.589602,79.7947817,88.2,21
47370,26.5912856,79.7878682,88.2,14
47400,26.5930396,79.7806145,88.2,12
47430,26.5948418,79.7736796,88.2,9
47460,26.5965044,79.7664421,88.2,23
47490,26.5984455,79.7596051,88.2,11
47520,26.6000261,79.7524014,88.2,12
47550,26.6017258,79.7453927,88.2,20
47580,26.6034992,79.7383674,88.2,20
47610,26.6051251,79.7313045,88.2,8
47640,26.6068494,79.7240463,88.2,8
47670,26.6087479,79.7169406,88.2,18
47700,26.6103826,79.709976,88.2,8
47730,26.6121095,79.7028101,88.2,23
47760,26.6137405,79.6957789,88.2,12
47790,26.6156404,79.6886326,88.2,16
47820,26.6173762,79.6817635,88.2,15
47850,26.6190749,79.6745592,88.2,23
47880,26.6208114,79.6676007,88.2,24
47910,26.6225114,79.6603402,88.2,12
47940,26.6241342,79.6532499,88.2,9
47970,26.6258719,79.6461947,88.2,12
48000,26.6276387,79.6392494,88.2,10
48030,26.6294825,79.6321049,88.2,24
48060,26.6310578,79.6251079,88.2,15
48090,26.6327607,79.6179722,88.2,9
48120,26.634564,79.6109646,88.2,17
48150,26.636182,79.6038068,88.2,19
48180,26.6380698,79.5966984,88.2,9
48210,26.6396527,79.5895509,88.2,18
48240,26.6413866,79.5826198,88.2,11
48270,26.6431713,79.5754803,88.2,23
48300,26.6448788,79.5684227,88.2,11
48330,26.6466868,79.5614636,88.2,12
48360,26.6483215,79.554408,88.2,19
48390,26.6501582,79.5472888,88.2,19
48420,26.6517479,79.5401211,88.2,20
48450,26.6534329,79.5329968,88.2,11
48480,26.6551461,79.5261834,88.2,14
48510,26.6569128,79.5189526,88.2,11
48540,26.6586067,79.5119097,88.2,18
48570,26.6603934,79.5048147,88.2,14
48600,26.6621817,79.4976447,88.2,12
48630,26.6638153,79.4906912,88.2,16
48660,26.6657296,79.4836809,88.2,25
48690,26.6674778,79.4766485,88.2,22
48720,26.6691104,79.4693408,88.2,21
48750,26.6706847,79.4623585,88.2,24
48780,26.6726053,79.4552092,88.2,16
48810,26.6743056,79.4481245,88.2,9
48840,26.6761011,79.4410307,88.2,14
48870,26.6777688,79.434059,88.2,25
48900,26.6795295,79.4271589,88.2,13
48930,26.6811386,79.4199462,88.2,25
48960,26.6829564,79.4128402,88.2,16
48990,26.6845278,79.4056472,88.2,14
49020,26.6863573,79.3985755,88.2,24
49050,26.6880462,79.3917131,88.2,24
49080,26.6897189,79.3846835,88.2,17
49110,26.6915657,79.3775196,88.2,13
49140,26.6931609,79.3704408,88.2,17
49170,26.6948368,79.3632512,88.2,16
49200,26.6968018,79.3562149,88.2,9
49230,26.6984508,79.3491352,88.2,14
49260,26.7001474,79.3419872,88.2,19
49290,26.7018996,79.3352068,88.2,18
49320,26.7034772,79.3280531,88.2,25
49350,26.7052516,79.3208073,88.2,17
49380,26.7069937,79.313711,88.2,8
49410,26.7088539,79.3066867,88.2,16
49440,26.7104052,79.2998404,88.2,25
49470,26.7122604,79.2927359,88.2,11
49500,26.7140037,79.2856083,88.2,16
49530,26.7157692,79.2785189,88.2,25
49560,26.717316,79.2713876,88.2,18
49590,26.7190585,79.2643565,88.2,20
49620,26.7207537,79.2571776,88.2,21
49650,26.7225369,79.2503067,88.2,10
49680,26.7242969,79.2430998,88.2,13
49710,26.7259398,79.236036,88.2,13
49740,26.7277891,79.2288211,88.2,13
49770,26.7295789,79.2219881,88.2,14
49800,26.7310847,79.2146899,88.2,15
49830,26.7329144,79.2077896,88.2,20
49860,26.7345444,79.2006806,88.2,8
49890,26.7364057,79.1935625,88.2,8
49920,26.7379985,79.1863793,88.2,9
49950,26.7397302,79.1795343,88.2,16
49980,26.7414587,79.172418,88.2,8
50010,26.7433595,79.1651582,88.2,11
50040,26.7450178,79.1583291,88.2,10
50070,26.7466519,79.1511539,88.2,22
50100,26.7485428,79.1440284,88.2,23
50130,26.7500904,79.1368792,88.2,16
50160,26.7519436,79.1298263,88.2,9
50190,26.7535279,79.1228054,88.2,24
50220,26.7554648,79.115768,88.2,8
50250,26.7571974,79.1085766,88.2,21
50280,26.7587811,79.1016027,88.2,17
50310,26.7604639,79.0946881,88.2,20
50340,26.7623138,79.0875654,88.2,11
50370,26.7639869,79.0805754,88.2,15
50400,26.7656075,79.0734916,88.2,19
50430,26.7673264,79.0662306,88.2,19
50460,26.7692803,79.0593342,88.2,9
50490,26.7709201,79.0520371,88.2,24
50520,26.7725731,79.0449648,88.2,21
50550,26.7742491,79.0380382,88.2,17
50580,26.7761027,79.0308502,88.2,11
50610,26.7777331,79.023841,88.2,19
50640,26.7811365,79.0175469,88.2,10
50670,26.7845251,79.0112667,88.2,12
50700,26.7879495,79.0047552,88.2,12
50730,26.7912726,78.9986331,88.2,23
50760,26.7948144,78.9921538,88.2,21
50790,26.7982809,78.9859081,88.2,10
50820,26.8015368,78.9795669,88.2,20
50850,26.8049722,78.973382,88.2,23
50880,26.8084914,78.9670622,88.2,18
50910,26.8117693,78.9609266,88.2,15
50940,26.8152627,78.9545118,88.2,25
50970,26.8187307,78.9482111,88.2,15
51000,26.822118,78.9419301,88.2,21
51030,26.8255838,78.9356936,88.2,15
51060,26.8290587,78.9292345,88.2,8
51090,26.8323514,78.9231247,88.2,19
51120,26.8358746,78.9168614,88.2,11
51150,26.8391676,78.9103821,88.2,12
51180,26.8426584,78.9040245,88.2,25
51210,26.8462683,78.8979611,88.2,15
51240,26.8494906,78.8914575,88.2,12
51270,26.8528929,78.8853042,88.2,12
51300,26.8563904,78.8788064,88.2,21
51330,26.8598163,78.8727147,88.2,10
51360,26.8632721,78.8663866,88.2,13
51390,26.8665792,78.8600219,88.2,10
51420,26.8700645,78.8536197,88.2,21
51450,26.8734662,78.8473754,88.2,12
51480,26.877055,78.8412357,88.2,17
51510,26.8804075,78.8349474,88.2,22
51540,26.8839188,78.8286435,88.2,17
51570,26.8871656,78.8221559,88.2,9
51600,26.8907259,78.8158946,88.2,13
51630,26.8939935,78.8097981,88.2,22
51660,26.8975673,78.8035016,88.2,24
51690,26.9009279,78.797024,88.2,13
51720,26.9043461,78.7906874,88.2,20
51750,26.9079638,78.7844018,88.2,14
51780,26.9112356,78.7780853,88.2,20
51810,26.9146047,78.7719982,88.2,25
51840,26.9181457,78.7655005,88.2,22
51870,26.9215387,78.7593788,88.2,20
51900,26.9250604,78.7529357,88.2,19
51930,26.9284392,78.7466491,88.2,11
51960,26.9317205,78.7404043,88.2,18
51990,26.9351274,78.7340843,88.2,25
52020,26.9385759,78.7277675,88.2,8
52050,26.9421785,78.7215012,88.2,25
52080,26.9454565,78.7153931,88.2,15
52110,26.9489021,78.7091118,88.2,9
52140,26.9524089,78.7027598,88.2,9
52170,26.9556974,78.6962535,88.2,17
52200,26.9591141,78.6900375,88.2,17
52230,26.9627977,78.6837853,88.2,18
52260,26.9661694,78.6775578,88.2,12
52290,26.9695835,78.6710722,88.2,21
52320,26.9730632,78.6648994,88.2,24
52350,26.9764667,78.6584969,88.2,20
52380,26.979805,78.6524186,88.2,9
52410,26.9831821,78.6459061,88.2,22
52440,26.9865526,78.6397539,88.2,15
52470,26.9901972,78.6335132,88.2,12
52500,26.9935934,78.6270221,88.2,24
52530,26.9969528,78.6208982,88.2,24
52560,27.0004918,78.6144854,88.2,12
52590,27.0037599,78.6081955,88.2,21
52620,27.0071068,78.6020065,88.2,20
52650,27.0105879,78.5957968,88.2,10
52680,27.0142091,78.5893711,88.2,23
52710,27.0174046,78.5829085,88.2,17
52740,27.0209532,78.5769015,88.2,10
52770,27.0243676,78.5704503,88.2,13
52800,27.0279124,78.564066,88.2,16
52830,27.0312434,78.5578284,88.2,10
52860,27.0345638,78.5516594,88.2,16
52890,27.0382087,78.5454263,88.2,22
52920,27.0415456,78.5388771,88.2,11
52950,27.0450597,78.5326867,88.2,19
52980,27.0484568,78.5263647,88.2,12
53010,27.0517715,78.5201028,88.2,18
53040,27.0551808,78.5138586,88.2,24
53070,27.0586289,78.507622,88.2,9
53100,27.0621023,78.5012557,88.2,15
53130,27.065551,78.494935,88.2,12
53160,27.0690198,78.4885576,88.2,13
53190,27.072371,78.4824324,88.2,15
53220,27.0757494,78.4760183,88.2,10
53250,27.0791662,78.4697245,88.2,25
53280,27.0827422,78.4634278,88.2,10
53310,27.0859757,78.4570243,88.2,20
53340,27.0895616,78.4507562,88.2,18
53370,27.0927993,78.4445039,88.2,23
53400,27.0962667,78.438329,88.2,11
53430,27.0997119,78.4318206,88.2,12
53460,27.1033199,78.4255574,88.2,14
53490,27.106578,78.4192272,88.2,20
53520,27.109936,78.4131669,88.2,21
53550,27.1136103,78.4066911,88.2,14
53580,27.117008,78.4006193,88.2,21
53610,27.1202742,78.3942277,88.2,10
53640,27.1236671,78.3878225,88.2,10
53670,27.1271368,78.3816596,88.2,21
53700,27.1306252,78.3753511,88.2,16
53730,27.1339608,78.368869,88.2,21
53760,27.1374308,78.3627852,88.2,13
53790,27.1408196,78.3565467,88.2,23
53820,27.1443217,78.3501745,88.2,13
53850,27.1478812,78.3438025,88.2,20
53880,27.1512702,78.3375445,88.2,14
53910,27.1544968,78.3312813,88.2,12
53940,27.1579905,78.3250821,88.2,18
53970,27.1613346,78.3187593,88.2,12
54000,27.1648928,78.3122879,88.2,21
54030,27.1682564,78.3061153,88.2,22
54060,27.1718673,78.2998605,88.2,22
54090,27.1752127,78.2934804,88.2,9
54120,27.1785268,78.2873062,88.2,21
54150,27.1820831,78.2809486,88.2,20
54180,27.1853811,78.2744819,88.2,14
54210,27.1890121,78.2682975,88.2,8
54240,27.1922775,78.2619373,88.2,17
54270,27.1958468,78.2556836,88.2,11
54300,27.199221,78.2494324,88.2,22
54330,27.2025716,78.2430468,88.2,25
54360,27.2060022,78.2369397,88.2,18
54390,27.2114756,78.2338578,88.2,21
54420,27.2179535,78.2325114,88.2,13
54450,27.2244071,78.2309989,88.2,21
54480,27.2308396,78.2296355,88.2,11
54510,27.2373448,78.2282063,88.2,11
54540,27.2435086,78.2265064,88.2,21
54570,27.2499203,78.2252681,88.2,25
54600,27.2563271,78.2237148,88.2,9
54630,27.262888,78.2223777,88.2,14
54660,27.269176,78.2207967,88.2,20
54690,27.2755547,78.2194579,88.2,11
54720,27.2820262,78.2179783,88.2,22
54750,27.2884509,78.2165258,88.2,20
54780,27.2947495,78.21493,88.2,15
54810,27.3012922,78.2134369,88.2,16
54840,27.3076461,78.2121689,88.2,21
54870,27.3141526,78.2104358,88.2,21
54900,27.3203878,78.2089818,88.2,19
54930,27.3270135,78.2076707,88.2,18
54960,27.3332851,78.2063436,88.2,21
54990,27.3396678,78.2048873,88.2,14
55020,27.3461766,78.2032507,88.2,9
55050,27.3526344,78.2018461,88.2,12
55080,27.3590795,78.2003286,88.2,13
55110,27.3653428,78.198846,88.2,13
55140,27.37176,78.1973191,88.2,12
55170,27.3781859,78.1960198,88.2,20
55200,27.384685,78.194558,88.2,16
55230,27.3910914,78.1929552,88.2,18
55260,27.3973285,78.1914746,88.2,21
55290,27.4036846,78.1902194,88.2,12
55320,27.4100969,78.1887399,88.2,10
55350,27.4166513,78.1870721,88.2,12
55380,27.4231702,78.1857964,88.2,19
55410,27.4293633,78.1843413,88.2,15
55440,27.4358009,78.1828451,88.2,15
55470,27.4423245,78.181467,88.2,20
55500,27.4487443,78.1799615,88.2,16
55530,27.4549669,78.1783443,88.2,8
55560,27.4615245,78.177016,88.2,11
55590,27.4677902,78.175661,88.2,11
55620,27.474197,78.1740046,88.2,13
55650,27.4806011,78.1726083,88.2,19
55680,27.4872299,78.1710607,88.2,11
55710,27.4935242,78.1695436,88.2,10
55740,27.4999308,78.1682664,88.2,14
55770,27.5063928,78.1667297,88.2,18
55800,27.5127862,78.165292,88.2,13
55830,27.5190718,78.1636975,88.2,13
55860,27.525609,78.1624256,88.2,9
55890,27.5318707,78.1608773,88.2,19
55920,27.5383774,78.1594991,88.2,25
55950,27.5446562,78.1580104,88.2,16
55980,27.5513125,78.1564498,88.2,8
56010,27.5576151,78.1550881,88.2,12
56040,27.5639368,78.1535809,88.2,14
56070,27.5702944,78.1520515,88.2,10
56100,27.5768904,78.1508345,88.2,16
56130,27.5831759,78.1491487,88.2,10
56160,27.589604,78.1477951,88.2,17
56190,27.5960438,78.1464128,88.2,21
56220,27.602464,78.1448278,88.2,14
56250,27.6088011,78.1433057,88.2,16
56280,27.6154008,78.1418162,88.2,17
56310,27.6215941,78.1403869,88.2,23
56340,27.6280742,78.1389994,88.2,16
56370,27.6345851,78.1375925,88.2,20
56400,27.6408888,78.136115,88.2,19
56430,27.647423,78.1347311,88.2,22
56460,27.653634,78.1330314,88.2,24
56490,27.660065,78.1316852,88.2,24
56520,27.6664996,78.130109,88.2,13
56550,27.6730306,78.1287699,88.2,13
56580,27.6793168,78.1272008,88.2,19
56610,27.6857285,78.1259553,88.2,11
56640,27.6920388,78.1244669,88.2,18
56670,27.6985017,78.1229695,88.2,18
56700,27.7050942,78.1215071,88.2,20
56730,27.7113363,78.1199401,88.2,14
56760,27.7176954,78.1184995,88.2,10
56790,27.7242303,78.117151,88.2,21
56820,27.7305691,78.1155911,88.2,14
56850,27.7369047,78.1141834,88.2,9
56880,27.7435661,78.1127006,88.2,11
56910,27.7498291,78.1112949,88.2,20
56940,27.7561787,78.1096576,88.2,8
56970,27.7626964,78.1084512,88.2,8
57000,27.7691765,78.1068164,88.2,20
57030,27.7753486,78.1054317,88.2,24
57060,27.7817571,78.104005,88.2,10
57090,27.788281,78.1026007,88.2,21
57120,27.7947572,78.100971,88.2,19
57150,27.8010781,78.0995962,88.2,18
57180,27.8075111,78.0979804,88.2,17
57210,27.8139736,78.0966439,88.2,11
57240,27.820421,78.0953305,88.2,11
57270,27.8266096,78.0935988,88.2,8
57300,27.833047,78.0924263,88.2,21
57330,27.8394785,78.0906897,88.2,19
57360,27.8460453,78.0893661,88.2,8
57390,27.852485,78.0880062,88.2,16
57420,27.8588792,78.0862942,88.2,9
57450,27.8653043,78.0848433,88.2,18
57480,27.8716423,78.0836011,88.2,20
57510,27.8779375,78.0819511,88.2,12
57540,27.8844299,78.0804751,88.2,18
57570,27.8902435,78.0773894,88.2,21
57600,27.8954667,78.0728494,88.2,24
57630,27.9007211,78.0683077,88.2,23
57660,27.9061259,78.0637155,88.2,23
57690,27.9112075,78.0591837,88.2,17
57720,27.9166222,78.0546967,88.2,15
57750,27.921892,78.0502992,88.2,14
57780,27.9271854,78.0455837,88.2,23
57810,27.9322982,78.0410506,88.2,14
57840,27.937692,78.0366499,88.2,23
57870,27.9428778,78.032082,88.2,24
57900,27.948272,78.0275997,88.2,17
57930,27.9536082,78.0231899,88.2,24
57960,27.9587296,78.0185155,88.2,19
57990,27.9640889,78.0140997,88.2,24
58020,27.9693235,78.0095697,88.2,10
58050,27.9746275,78.0049835,88.2,17
58080,27.9800929,78.0005954,88.2,11
58110,27.98516,77.9961725,88.2,11
58140,27.990469,77.9916638,88.2,13
58170,27.9957599,77.9870221,88.2,24
58200,28.0010938,77.9824437,88.2,25
58230,28.0062783,77.9779802,88.2,12
58260,28.0116465,77.9734659,88.2,18
58290,28.0168377,77.9689034,88.2,11
58320,28.0221204,77.9644228,88.2,21
58350,28.0274433,77.9598497,88.2,13
58380,28.0328349,77.9554394,88.2,23
58410,28.0380984,77.9507969,88.2,9
58440,28.0434167,77.9465423,88.2,15
58470,28.0485574,77.9420086,88.2,16
58500,28.0538745,77.9373836,88.2,16
58530,28.059155,77.9328964,88.2,20
58560,28.0644835,77.9282238,88.2,16
58590,28.0697951,77.9237309,88.2,14
58620,28.0750392,77.9192525,88.2,17
58650,28.0804271,77.9146792,88.2,24
58680,28.0857578,77.9103263,88.2,17
58710,28.0910268,77.9058322,88.2,13
58740,28.0961658,77.9011291,88.2,13
58770,28.1014542,77.8967329,88.2,8
58800,28.106828,77.8922104,88.2,8
58830,28.1119802,77.8876461,88.2,10
58860,28.1172622,77.8832836,88.2,8
58890,28.1226601,77.8788334,88.2,8
58920,28.1279155,77.8740987,88.2,11
58950,28.1330799,77.8695142,88.2,17
58980,28.1385767,77.8651553,88.2,13
59010,28.1438389,77.8607175,88.2,11
59040,28.1490013,77.8561914,88.2,22
59070,28.1543353,77.8515595,88.2,25
59100,28.1595562,77.8470868,88.2,19
59130,28.1648944,77.842677,88.2,17
59160,28.1702459,77.8381823,88.2,23
59190,28.1753688,77.8336053,88.2,8
59220,28.1806621,77.829007,88.2,15
59250,28.1860838,77.8244107,88.2,23
59280,28.1911982,77.8200298,88.2,21
59310,28.1965706,77.8155667,88.2,14
59340,28.2020057,77.8109404,88.2,11
59370,28.2073016,77.806579,88.2,25
59400,28.2125676,77.801934,88.2,24
59430,28.2176562,77.7975609,88.2,19
59460,28.2231322,77.7928879,88.2,21
59490,28.2284315,77.7883387,88.2,14
59520,28.2334717,77.7838991,88.2,18
59550,28.2389692,77.7792635,88.2,22
59580,28.244181,77.7749542,88.2,19
59610,28.2493898,77.7704942,88.2,23
59640,28.2548458,77.7657284,88.2,12
59670,28.2600208,77.7612579,88.2,25
59700,28.2653426,77.756748,88.2,17
59730,28.2704649,77.7522311,88.2,22
59760,28.2757423,77.7477134,88.2,11
59790,28.2810295,77.7432062,88.2,21
59820,28.2863939,77.7388538,88.2,9
59850,28.2916505,77.7341915,88.2,17
59880,28.2970782,77.7297238,88.2,25
59910,28.3021922,77.7250824,88.2,16
59940,28.3074727,77.7207663,88.2,21
59970,28.3128758,77.7160525,88.2,15
60000,28.3180106,77.7117992,88.2,15
60030,28.3235046,77.7071945,88.2,21
60060,28.3286772,77.7027621,88.2,16
60090,28.3341015,77.6981539,88.2,13
60120,28.3392893,77.6936649,88.2,18
60150,28.3446379,77.6889855,88.2,14
60180,28.3497724,77.6845562,88.2,14
60210,28.35507,77.6799408,88.2,22
60240,28.3604198,77.6755155,88.2,21
60270,28.3655824,77.6710475,88.2,18
60300,28.3709761,77.6665819,88.2,19
60330,28.3762504,77.6619889,88.2,21
60360,28.3816671,77.6574851,88.2,25
60390,28.386699,77.6530645,88.2,10
60420,28.3921794,77.648504,88.2,17
60450,28.3974715,77.6439791,88.2,19
60480,28.4025776,77.6394536,88.2,17
60510,28.4078416,77.635032,88.2,12
60540,28.4132196,77.6302607,88.2,24
60570,28.4185189,77.6257614,88.2,9
60600,28.4237515,77.6215328,88.2,11
60630,28.4290524,77.6167463,88.2,17
60660,28.4343987,77.6124139,88.2,9
60690,28.4395629,77.6078673,88.2,24
60720,28.4450133,77.6031902,88.2,14
60750,28.450237,77.5988321,88.2,23
60780,28.4554185,77.59442,88.2,12
60810,28.4607466,77.5897268,88.2,8
60840,28.4661665,77.5853086,88.2,14
60870,28.4712641,77.5806032,88.2,11
60900,28.4766571,77.5761649,88.2,11
60930,28.4819285,77.5718302,88.2,22
60960,28.48719,77.5673447,88.2,17
60990,28.4924776,77.562848,88.2,15
61020,28.4978792,77.5582001,88.2,22
61050,28.5031678,77.5537076,88.2,21
61080,28.5082595,77.5490108,88.2,12
61110,28.5137245,77.5446917,88.2,13
61140,28.5189256,77.5401905,88.2,14
61170,28.5241999,77.5355507,88.2,11
61200,28.5296139,77.5310988,88.2,16
61230,28.5347447,77.5266474,88.2,11
61260,28.5400481,77.5221688,88.2,12
61290,28.5452144,77.5175453,88.2,20
61320,28.5504937,77.5129839,88.2,22
61350,28.5557861,77.5086551,88.2,12
61380,28.5611845,77.5040845,88.2,16
61410,28.5663447,77.4993971,88.2,24
61440,28.5718567,77.4949888,88.2,19
61470,28.5771532,77.4904813,88.2,24
61500,28.5822107,77.4860074,88.2,19
61530,28.5876544,77.4814647,88.2,22
61560,28.5929542,77.4770192,88.2,16
61590,28.5982568,77.4724657,88.2,20
61620,28.6033475,77.4680071,88.2,23
61650,28.6087144,77.4633801,88.2,13
61680,28.614052,77.4590059,88.2,24
61710,28.6192505,77.4544212,88.2,19
61740,28.624622,77.4499476,88.2,10
61770,28.6297604,77.4454403,88.2,13
61800,28.6350946,77.4408688,88.2,23
61830,28.6405677,77.4362967,88.2,15
61860,28.6458642,77.4318845,88.2,15
61890,28.6488263,77.4267641,88.2,20
61920,28.6488252,77.4204631,88.2,10
61950,28.6484617,77.4142516,88.2,9
61980,28.6484969,77.4080375,88.2,19
62010,28.6482557,77.4021138,88.2,13
62040,28.6480024,77.3959108,88.2,20
62070,28.6477753,77.3897324,88.2,25
62100,28.6476169,77.3834548,88.2,22
62130,28.6475696,77.377287,88.2,13
62160,28.6473272,77.3712206,88.2,14
62190,28.647057,77.3649062,88.2,11
62220,28.6469123,77.358988,88.2,8
62250,28.6467779,77.3527051,88.2,25
62280,28.6467376,77.346525,88.2,24
62310,28.6464619,77.3405165,88.2,23
62340,28.6462868,77.3342108,88.2,25
62370,28.6462054,77.328188,88.2,22
62400,28.6459142,77.3218979,88.2,10
62430,28.645776,77.315662,88.2,24
62460,28.6455265,77.3094997,88.2,15
62490,28.6452836,77.3034699,88.2,8
62520,28.6451537,77.2974333,88.2,16
62550,28.6450222,77.2910949,88.2,13
62580,28.6450014,77.2848485,88.2,15
62610,28.6447941,77.2789522,88.2,24
62640,28.6444719,77.2726965,88.2,25
62670,28.6443993,77.2663811,88.2,23
62700,28.6442874,77.26049,88.2,8
62730,28.6438672,77.2541575,88.2,14
62760,28.6437723,77.2481034,88.2,12
62790,28.6435632,77.2420462,82.51,18
62820,28.6436012,77.2365515,74.23,9
62850,28.6432815,77.2316841,59.71,9
62880,28.6431981,77.2277373,47.63,21
62910,28.6431764,77.2247695,40.26,10
62940,28.6431852,77.2223152,31.18,12
62970,28.6429742,77.2206166,18.0,9
63000,28.643,77.2195,0,23
